序号,设备编号,采集时间,氢气浓度,甲烷浓度,乙烷浓度,乙烯浓度,乙炔浓度,一氧化碳浓度,二氧化碳浓度,氧气浓度,氮气浓度,总烃浓度,数据来源：中台、量测中心
id,equip_no,acquisitiontime,h2,ch4,c2h6,c2h4,c2h2,co,co2,o2,n2,totalhydrocarbon,source
109,12M00000159733143,2023-04-03 08:43:00,10.32,0.96,0.28,0.24,0,85.24,290.33,,,1.48,中台
110,12M00000159733143,2023-04-03 09:43:00,5.12,0.23,0.24,0.16,0,64.75,259.05,,,0.63,中台
111,12M00000159733143,2023-04-03 10:43:00,11.97,0.69,0.2,0.3,0,63.38,211.42,,,1.19,中台
112,12M00000159733143,2023-04-03 11:43:00,11.3,0.47,0.06,0.35,0,71.66,308.67,,,0.88,中台
113,12M00000159733143,2023-04-03 12:43:00,6.01,0.68,0.1,0.37,0,71.78,342.63,,,1.15,中台
114,12M00000159733143,2023-04-03 13:43:00,6.95,0.55,0.23,0.32,0,69.65,281.6,,,1.1,中台
115,12M00000159733143,2023-04-03 14:43:00,11.81,0.99,0.21,0.32,0,83.33,244.72,,,1.52,中台
116,12M00000159733143,2023-04-03 15:43:00,10.79,0.79,0.17,0.15,0,82.91,300.0,,,1.11,中台
117,12M00000159733143,2023-04-03 16:43:00,12.21,0.17,0.17,0.32,0,67.05,234.01,,,0.66,中台
118,12M00000159733143,2023-04-03 17:43:00,11.1,0.46,0.29,0.16,0,72.7,287.52,,,0.91,中台
119,12M00000159733143,2023-04-03 18:43:00,11.19,0.9,0.18,0.1,0,54.8,299.2,,,1.18,中台
120,12M00000159733143,2023-04-03 19:43:00,8.02,0.53,0.09,0.32,0,58.48,257.35,,,0.94,中台
121,12M00000159733143,2023-04-03 20:43:00,12.75,0.47,0.12,0.18,0,73.08,332.81,,,0.77,中台
122,12M00000159733143,2023-04-03 21:43:00,14.61,0.73,0.11,0.27,0,62.21,207.78,,,1.11,中台
123,12M00000159733143,2023-04-03 22:43:00,12.72,0.63,0.26,0.3,0,60.84,329.93,,,1.19,中台
124,12M00000159733143,2023-04-03 23:43:00,13.71,0.15,0.26,0.11,0,62.54,286.21,,,0.52,中台
125,12M00000159733143,2023-04-04 00:43:00,10.06,0.83,0.16,0.36,0,68.59,215.68,,,1.35,中台
126,12M00000159733143,2023-04-04 01:43:00,14.28,0.25,0.24,0.29,0,66.74,270.44,,,0.78,中台
127,12M00000159733143,2023-04-04 02:43:00,7.42,0.82,0.09,0.15,0,81.73,258.27,,,1.06,中台
128,12M00000159733143,2023-04-04 03:43:00,6.77,0.55,0.26,0.33,0,54.59,302.63,,,1.14,中台
129,12M00000159733143,2023-04-04 04:43:00,11.06,0.64,0.26,0.14,0,63.39,217.81,,,1.04,中台
130,12M00000159733143,2023-04-04 05:43:00,12.62,0.44,0.12,0.24,0,74.89,218.33,,,0.8,中台
131,12M00000159733143,2023-04-04 06:43:00,8.13,0.98,0.06,0.15,0,54.02,208.6,,,1.19,中台
132,12M00000159733143,2023-04-04 07:43:00,12.36,0.18,0.21,0.38,0,56.02,278.59,,,0.77,中台
133,12M00000159733143,2023-04-04 08:43:00,13.11,0.7,0.14,0.13,0,87.09,265.03,,,0.97,中台
134,12M00000159733143,2023-04-04 09:43:00,5.92,0.91,0.1,0.34,0,67.89,275.89,,,1.35,中台
135,12M00000159733143,2023-04-04 10:43:00,12.68,0.15,0.28,0.36,0,55.32,261.16,,,0.79,中台
136,12M00000159733143,2023-04-04 11:43:00,9.01,0.71,0.23,0.27,0,84.93,305.54,,,1.21,中台
137,12M00000159733143,2023-04-04 12:43:00,12.95,0.69,0.19,0.38,0,69.87,240.88,,,1.26,中台
138,12M00000159733143,2023-04-04 13:43:00,11.9,0.99,0.07,0.2,0,82.46,220.8,,,1.26,中台
139,12M00000159733143,2023-04-04 14:43:00,11.16,0.46,0.3,0.13,0,75.28,204.52,,,0.89,中台
140,12M00000159733143,2023-04-04 15:43:00,10.27,0.67,0.14,0.12,0,75.75,208.72,,,0.93,中台
141,12M00000159733143,2023-04-04 16:43:00,13.7,0.71,0.15,0.4,0,83.36,242.63,,,1.26,中台
142,12M00000159733143,2023-04-04 17:43:00,11.34,0.26,0.07,0.14,0,85.42,282.97,,,0.47,中台
143,12M00000159733143,2023-04-04 18:43:00,10.04,0.32,0.28,0.15,0,56.51,349.47,,,0.75,中台
144,12M00000159733143,2023-04-04 19:43:00,7.08,0.69,0.16,0.3,0,75.25,207.58,,,1.15,中台
145,12M00000159733143,2023-04-04 20:43:00,10.14,0.91,0.25,0.17,0,80.28,347.17,,,1.33,中台
146,12M00000159733143,2023-04-04 21:43:00,5.53,0.66,0.29,0.36,0,82.09,328.02,,,1.31,中台
147,12M00000159733143,2023-04-04 22:43:00,7.61,0.53,0.16,0.32,0,79.69,232.43,,,1.01,中台
148,12M00000159733143,2023-04-04 23:43:00,12.18,0.86,0.19,0.31,0,62.47,208.62,,,1.36,中台
149,12M00000159733143,2023-04-05 00:43:00,12.76,0.67,0.16,0.28,0,68.53,271.18,,,1.11,中台
150,12M00000159733143,2023-04-05 01:43:00,9.51,0.94,0.2,0.12,0,83.37,220.13,,,1.26,中台
151,12M00000159733143,2023-04-05 02:43:00,8.03,0.78,0.08,0.36,0,87.92,211.68,,,1.22,中台
152,12M00000159733143,2023-04-05 03:43:00,8.06,0.36,0.22,0.14,0,87.11,307.07,,,0.72,中台
153,12M00000159733143,2023-04-05 04:43:00,8.39,0.57,0.14,0.36,0,83.79,209.98,,,1.07,中台
154,12M00000159733143,2023-04-05 05:43:00,7.79,0.63,0.06,0.22,0,56.94,337.06,,,0.91,中台
155,12M00000159733143,2023-04-05 06:43:00,8.79,0.79,0.21,0.17,0,68.44,302.45,,,1.17,中台
156,12M00000159733143,2023-04-05 07:43:00,12.92,0.64,0.21,0.38,0,74.58,302.57,,,1.23,中台
157,12M00000159733143,2023-04-05 08:43:00,9.68,0.8,0.28,0.3,0,50.03,228.76,,,1.38,中台
158,12M00000159733143,2023-04-05 09:43:00,6.07,0.15,0.29,0.31,0,65.95,328.68,,,0.75,中台
159,12M00000159733143,2023-04-05 10:43:00,8.05,0.95,0.08,0.19,0,86.17,233.38,,,1.22,中台
160,12M00000159733143,2023-04-05 11:43:00,12.36,0.11,0.12,0.24,0,70.86,232.05,,,0.47,中台
161,12M00000159733143,2023-04-05 12:43:00,12.79,0.91,0.06,0.22,0,87.29,346.43,,,1.19,中台
162,12M00000159733143,2023-04-05 13:43:00,13.98,0.47,0.16,0.24,0,72.63,227.69,,,0.87,中台
163,12M00000159733143,2023-04-05 14:43:00,9.71,0.49,0.08,0.35,0,70.51,257.79,,,0.92,中台
164,12M00000159733143,2023-04-05 15:43:00,13.87,0.83,0.26,0.28,0,74.28,236.56,,,1.37,中台
165,12M00000159733143,2023-04-05 16:43:00,10.94,0.89,0.21,0.33,0,78.88,278.49,,,1.43,中台
166,12M00000159733143,2023-04-05 17:43:00,13.18,0.28,0.29,0.36,0,53.19,334.29,,,0.93,中台
167,12M00000159733143,2023-04-05 18:43:00,12.65,0.25,0.07,0.17,0,66.55,240.19,,,0.49,中台
168,12M00000159733143,2023-04-05 19:43:00,8.64,0.96,0.15,0.12,0,52.13,206.64,,,1.23,中台
169,12M00000159733143,2023-04-05 20:43:00,5.62,0.92,0.23,0.16,0,75.71,290.29,,,1.31,中台
170,12M00000159733143,2023-04-05 21:43:00,6.98,0.55,0.16,0.3,0,55.71,205.54,,,1.01,中台
171,12M00000159733143,2023-04-05 22:43:00,8.38,0.79,0.23,0.24,0,69.04,318.96,,,1.26,中台
172,12M00000159733143,2023-04-05 23:43:00,14.51,0.28,0.11,0.2,0,56.68,225.35,,,0.59,中台
173,12M00000159733143,2023-04-06 00:43:00,9.45,0.59,0.16,0.22,0,60.93,285.06,,,0.97,中台
174,12M00000159733143,2023-04-06 01:43:00,9.51,0.6,0.08,0.17,0,89.56,339.87,,,0.85,中台
175,12M00000159733143,2023-04-06 02:43:00,5.56,0.33,0.06,0.34,0,66.75,223.15,,,0.73,中台
176,12M00000159733143,2023-04-06 03:43:00,7.25,0.66,0.2,0.32,0,58.07,210.36,,,1.18,中台
177,12M00000159733143,2023-04-06 04:43:00,6.75,0.6,0.24,0.22,0,75.15,275.23,,,1.06,中台
178,12M00000159733143,2023-04-06 05:43:00,11.91,0.52,0.23,0.25,0,80.22,224.23,,,1.0,中台
179,12M00000159733143,2023-04-06 06:43:00,11.18,0.59,0.21,0.32,0,89.63,345.42,,,1.12,中台
180,12M00000159733143,2023-04-06 07:43:00,7.48,0.84,0.11,0.17,0,67.12,217.21,,,1.12,中台
181,12M00000159733143,2023-04-06 08:43:00,11.22,0.41,0.15,0.32,0,77.63,286.66,,,0.88,中台
182,12M00000159733143,2023-04-06 09:43:00,9.54,0.59,0.29,0.12,0,85.48,258.35,,,1.0,中台
183,12M00000159733143,2023-04-06 10:43:00,7.58,0.22,0.06,0.29,0,82.52,346.41,,,0.57,中台
184,12M00000159733143,2023-04-06 11:43:00,11.91,0.56,0.28,0.26,0,77.87,269.49,,,1.1,中台
185,12M00000159733143,2023-04-06 12:43:00,13.94,0.49,0.09,0.15,0,68.28,235.0,,,0.73,中台
186,12M00000159733143,2023-04-06 13:43:00,9.98,0.51,0.16,0.3,0,63.53,269.5,,,0.97,中台
187,12M00000159733143,2023-04-06 14:43:00,7.46,0.9,0.22,0.22,0,50.13,232.76,,,1.34,中台
188,12M00000159733143,2023-04-06 15:43:00,6.35,0.4,0.09,0.33,0,74.36,251.47,,,0.82,中台
189,12M00000159733143,2023-04-06 16:43:00,11.68,0.26,0.14,0.24,0,65.99,275.7,,,0.64,中台
190,12M00000159733143,2023-04-06 17:43:00,10.11,0.32,0.13,0.2,0,76.96,294.49,,,0.65,中台
191,12M00000159733143,2023-04-06 18:43:00,5.42,0.58,0.15,0.23,0,51.5,332.08,,,0.96,中台
192,12M00000159733143,2023-04-06 19:43:00,9.37,0.85,0.1,0.24,0,55.72,237.96,,,1.19,中台
193,12M00000159733143,2023-04-06 20:43:00,10.59,0.37,0.13,0.34,0,85.48,343.55,,,0.84,中台
194,12M00000159733143,2023-04-06 21:43:00,12.73,0.99,0.22,0.14,0,77.5,347.94,,,1.35,中台
195,12M00000159733143,2023-04-06 22:43:00,5.59,0.9,0.27,0.31,0,70.99,245.48,,,1.48,中台
196,12M00000159733143,2023-04-06 23:43:00,7.85,0.48,0.26,0.31,0,64.95,207.91,,,1.05,中台
197,12M00000159733143,2023-04-07 00:43:00,10.7,0.48,0.13,0.25,0,87.47,328.75,,,0.86,中台
198,12M00000159733143,2023-04-07 01:43:00,7.25,0.69,0.06,0.22,0,81.38,222.12,,,0.97,中台
199,12M00000159733143,2023-04-07 02:43:00,9.28,0.31,0.11,0.19,0,62.04,276.15,,,0.61,中台
200,12M00000159733143,2023-04-07 03:43:00,14.46,0.6,0.23,0.31,0,64.13,215.26,,,1.14,中台
201,12M00000159733143,2023-04-07 04:43:00,10.86,0.26,0.17,0.21,0,75.96,310.22,,,0.64,中台
202,12M00000159733143,2023-04-07 05:43:00,11.81,0.44,0.1,0.23,0,88.75,223.81,,,0.77,中台
203,12M00000159733143,2023-04-07 06:43:00,12.4,0.85,0.18,0.24,0,86.74,222.45,,,1.27,中台
204,12M00000159733143,2023-04-07 07:43:00,13.83,0.7,0.15,0.2,0,58.22,206.97,,,1.05,中台
205,12M00000159733143,2023-04-07 08:43:00,5.05,0.41,0.09,0.23,0,81.52,319.43,,,0.73,中台
206,12M00000159733143,2023-04-07 09:43:00,14.25,0.39,0.09,0.14,0,82.66,292.27,,,0.62,中台
207,12M00000159733143,2023-04-07 10:43:00,9.05,0.46,0.15,0.15,0,73.25,303.25,,,0.76,中台
208,12M00000159733143,2023-04-07 11:43:00,11.64,0.14,0.25,0.28,0,86.29,339.8,,,0.67,中台
209,12M00000159733143,2023-04-07 12:43:00,12.28,0.83,0.22,0.15,0,87.84,295.99,,,1.2,中台
210,12M00000159733143,2023-04-07 13:43:00,14.64,0.43,0.21,0.34,0,81.56,282.72,,,0.98,中台
211,12M00000159733143,2023-04-07 14:43:00,7.68,0.12,0.16,0.19,0,88.5,201.32,,,0.47,中台
212,12M00000159733143,2023-04-07 15:43:00,9.5,0.14,0.08,0.22,0,81.2,326.82,,,0.44,中台
213,12M00000159733143,2023-04-07 16:43:00,5.4,0.57,0.16,0.25,0,69.84,236.51,,,0.98,中台
214,12M00000159733143,2023-04-07 17:43:00,8.73,0.74,0.08,0.22,0,77.01,253.98,,,1.04,中台
215,12M00000159733143,2023-04-07 18:43:00,8.52,0.18,0.16,0.15,0,65.29,275.45,,,0.49,中台
216,12M00000159733143,2023-04-07 19:43:00,8.61,0.74,0.18,0.3,0,57.56,278.79,,,1.22,中台
217,12M00000159733143,2023-04-07 20:43:00,10.5,0.9,0.05,0.17,0,77.55,242.96,,,1.12,中台
218,12M00000159733143,2023-04-07 21:43:00,5.48,0.88,0.19,0.13,0,79.37,204.85,,,1.2,中台
219,12M00000159733143,2023-04-07 22:43:00,8.8,0.95,0.21,0.31,0,74.91,305.1,,,1.47,中台
220,12M00000159733143,2023-04-07 23:43:00,9.98,0.83,0.11,0.38,0,69.95,274.19,,,1.32,中台
221,12M00000159733143,2023-04-08 00:43:00,9.05,0.42,0.24,0.13,0,88.45,267.64,,,0.79,中台
222,12M00000159733143,2023-04-08 01:43:00,10.16,0.14,0.23,0.36,0,50.15,263.36,,,0.73,中台
223,12M00000159733143,2023-04-08 02:43:00,8.18,0.6,0.17,0.28,0,81.88,275.82,,,1.05,中台
224,12M00000159733143,2023-04-08 03:43:00,12.31,0.4,0.13,0.17,0,59.93,333.28,,,0.7,中台
225,12M00000159733143,2023-04-08 04:43:00,10.77,0.18,0.24,0.23,0,59.01,336.2,,,0.65,中台
226,12M00000159733143,2023-04-08 05:43:00,13.81,0.64,0.24,0.1,0,82.87,347.47,,,0.98,中台
227,12M00000159733143,2023-04-08 06:43:00,10.27,0.82,0.25,0.25,0,54.85,283.09,,,1.32,中台
228,12M00000159733143,2023-04-08 07:43:00,12.95,0.34,0.23,0.16,0,81.21,345.79,,,0.73,中台
229,12M00000159733143,2023-04-08 08:43:00,5.63,0.19,0.15,0.33,0,76.98,279.39,,,0.67,中台
230,12M00000159733143,2023-04-08 09:43:00,13.98,0.43,0.13,0.33,0,50.89,247.16,,,0.89,中台
231,12M00000159733143,2023-04-08 10:43:00,6.47,0.88,0.28,0.31,0,73.52,319.04,,,1.47,中台
232,12M00000159733143,2023-04-08 11:43:00,5.85,0.71,0.24,0.17,0,70.06,200.57,,,1.12,中台
233,12M00000159733143,2023-04-08 12:43:00,10.35,0.26,0.22,0.11,0,79.53,239.48,,,0.59,中台
234,12M00000159733143,2023-04-08 13:43:00,7.72,0.85,0.27,0.1,0,83.21,210.99,,,1.22,中台
235,12M00000159733143,2023-04-08 14:43:00,8.29,0.61,0.06,0.33,0,84.37,299.72,,,1.0,中台
236,12M00000159733143,2023-04-08 15:43:00,11.76,0.98,0.16,0.35,0,88.95,307.91,,,1.49,中台
237,12M00000159733143,2023-04-08 16:43:00,8.84,0.98,0.28,0.38,0,72.06,209.77,,,1.64,中台
238,12M00000159733143,2023-04-08 17:43:00,14.22,0.86,0.14,0.22,0,66.33,306.77,,,1.22,中台
239,12M00000159733143,2023-04-08 18:43:00,12.8,0.92,0.29,0.4,0,61.94,282.75,,,1.61,中台
240,12M00000159733143,2023-04-08 19:43:00,14.9,0.33,0.19,0.16,0,87.48,313.35,,,0.68,中台
241,12M00000159733143,2023-04-08 20:43:00,9.18,0.53,0.24,0.2,0,61.83,309.89,,,0.97,中台
242,12M00000159733143,2023-04-08 21:43:00,14.24,0.28,0.06,0.25,0,54.2,345.19,,,0.59,中台
243,12M00000159733143,2023-04-08 22:43:00,14.58,0.88,0.12,0.13,0,89.05,298.69,,,1.13,中台
244,12M00000159733143,2023-04-08 23:43:00,14.76,0.48,0.1,0.28,0,67.45,200.98,,,0.86,中台
245,12M00000159733143,2023-04-09 00:43:00,6.08,0.28,0.07,0.26,0,72.89,324.2,,,0.61,中台
246,12M00000159733143,2023-04-09 01:43:00,9.99,0.81,0.22,0.27,0,87.8,331.96,,,1.3,中台
247,12M00000159733143,2023-04-09 02:43:00,9.65,0.35,0.24,0.39,0,86.91,315.51,,,0.98,中台
248,12M00000159733143,2023-04-09 03:43:00,7.53,0.2,0.24,0.2,0,51.07,249.72,,,0.64,中台
249,12M00000159733143,2023-04-09 04:43:00,7.82,0.12,0.05,0.18,0,50.28,234.56,,,0.35,中台
250,12M00000159733143,2023-04-09 05:43:00,8.8,0.55,0.08,0.2,0,82.47,279.38,,,0.83,中台
251,12M00000159733143,2023-04-09 06:43:00,5.48,0.47,0.25,0.12,0,54.91,321.36,,,0.84,中台
252,12M00000159733143,2023-04-09 07:43:00,8.52,0.4,0.11,0.35,0,86.39,217.82,,,0.86,中台
253,12M00000159733143,2023-04-09 08:43:00,5.24,0.19,0.07,0.3,0,78.76,262.03,,,0.56,中台
254,12M00000159733143,2023-04-09 09:43:00,11.44,0.87,0.27,0.31,0,74.76,309.59,,,1.45,中台
255,12M00000159733143,2023-04-09 10:43:00,6.46,0.32,0.19,0.24,0,73.42,264.81,,,0.75,中台
256,12M00000159733143,2023-04-09 11:43:00,5.12,0.19,0.09,0.24,0,81.63,292.89,,,0.52,中台
257,12M00000159733143,2023-04-09 12:43:00,13.08,0.98,0.11,0.19,0,69.92,338.78,,,1.28,中台
258,12M00000159733143,2023-04-09 13:43:00,11.57,0.28,0.13,0.23,0,85.05,279.74,,,0.64,中台
259,12M00000159733143,2023-04-09 14:43:00,10.23,0.81,0.25,0.32,0,71.97,304.88,,,1.38,中台
260,12M00000159733143,2023-04-09 15:43:00,12.5,0.16,0.23,0.13,0,71.95,347.66,,,0.52,中台
261,12M00000159733143,2023-04-09 16:43:00,9.08,0.9,0.06,0.21,0,61.78,243.93,,,1.17,中台
262,12M00000159733143,2023-04-09 17:43:00,7.13,0.43,0.25,0.19,0,78.47,222.13,,,0.87,中台
263,12M00000159733143,2023-04-09 18:43:00,13.29,0.51,0.14,0.21,0,62.45,229.71,,,0.86,中台
264,12M00000159733143,2023-04-09 19:43:00,8.34,0.57,0.09,0.14,0,84.01,231.28,,,0.8,中台
265,12M00000159733143,2023-04-09 20:43:00,6.92,0.16,0.08,0.2,0,69.46,235.4,,,0.44,中台
266,12M00000159733143,2023-04-09 21:43:00,7.13,0.37,0.28,0.3,0,60.9,211.17,,,0.95,中台
267,12M00000159733143,2023-04-09 22:43:00,5.5,0.93,0.3,0.12,0,79.46,212.17,,,1.35,中台
268,12M00000159733143,2023-04-09 23:43:00,10.19,0.83,0.13,0.18,0,66.96,342.67,,,1.14,中台
269,12M00000159733143,2023-04-10 00:43:00,7.21,0.21,0.06,0.38,0,76.61,308.74,,,0.65,中台
270,12M00000159733143,2023-04-10 01:43:00,11.46,0.65,0.26,0.21,0,83.27,309.75,,,1.12,中台
271,12M00000159733143,2023-04-10 02:43:00,8.55,0.7,0.13,0.35,0,71.37,228.97,,,1.18,中台
272,12M00000159733143,2023-04-10 03:43:00,6.28,0.68,0.11,0.23,0,88.3,251.56,,,1.02,中台
273,12M00000159733143,2023-04-10 04:43:00,10.87,0.19,0.21,0.25,0,65.54,275.73,,,0.65,中台
274,12M00000159733143,2023-04-10 05:43:00,9.08,0.63,0.09,0.29,0,66.47,249.38,,,1.01,中台
275,12M00000159733143,2023-04-10 06:43:00,11.87,0.96,0.14,0.31,0,82.66,285.15,,,1.41,中台
276,12M00000159733143,2023-04-10 07:43:00,9.05,0.61,0.24,0.21,0,79.43,340.31,,,1.06,中台
277,12M00000159733143,2023-04-10 08:43:00,7.83,0.28,0.12,0.32,0,51.06,328.57,,,0.72,中台
278,12M00000159733143,2023-04-10 09:43:00,7.23,0.67,0.16,0.31,0,79.77,247.33,,,1.14,中台
279,12M00000159733143,2023-04-10 10:43:00,7.43,0.17,0.16,0.24,0,86.74,261.41,,,0.57,中台
280,12M00000159733143,2023-04-10 11:43:00,11.51,0.86,0.07,0.33,0,84.63,325.37,,,1.26,中台
281,12M00000159733143,2023-04-10 12:43:00,11.66,0.87,0.11,0.11,0,77.33,219.71,,,1.09,中台
282,12M00000159733143,2023-04-10 13:43:00,13.6,0.87,0.09,0.27,0,72.81,285.57,,,1.23,中台
283,12M00000159733143,2023-04-10 14:43:00,9.17,0.18,0.17,0.25,0,86.23,297.45,,,0.6,中台
284,12M00000159733143,2023-04-10 15:43:00,6.21,0.5,0.08,0.18,0,71.95,323.19,,,0.76,中台
285,12M00000159733143,2023-04-10 16:43:00,9.5,0.73,0.14,0.34,0,79.23,235.47,,,1.21,中台
286,12M00000159733143,2023-04-10 17:43:00,14.03,0.64,0.2,0.4,0,57.52,321.38,,,1.24,中台
287,12M00000159733143,2023-04-10 18:43:00,8.28,0.52,0.24,0.16,0,65.18,253.36,,,0.92,中台
288,12M00000159733143,2023-04-10 19:43:00,8.86,0.88,0.3,0.2,0,67.16,334.75,,,1.38,中台
289,12M00000159733143,2023-04-10 20:43:00,6.71,0.88,0.27,0.18,0,84.79,265.37,,,1.33,中台
290,12M00000159733143,2023-04-10 21:43:00,10.89,0.98,0.25,0.28,0,69.8,236.04,,,1.51,中台
291,12M00000159733143,2023-04-10 22:43:00,10.11,0.31,0.2,0.2,0,82.73,205.66,,,0.71,中台
292,12M00000159733143,2023-04-10 23:43:00,11.67,0.71,0.09,0.31,0,62.19,294.61,,,1.11,中台
293,12M00000159733143,2023-04-11 00:43:00,6.94,0.68,0.27,0.39,0,75.2,279.57,,,1.34,中台
294,12M00000159733143,2023-04-11 01:43:00,12.99,0.98,0.07,0.38,0,85.71,302.51,,,1.43,中台
295,12M00000159733143,2023-04-11 02:43:00,8.51,0.14,0.2,0.23,0,52.41,298.82,,,0.57,中台
296,12M00000159733143,2023-04-11 03:43:00,14.88,0.15,0.28,0.37,0,80.79,204.01,,,0.8,中台
297,12M00000159733143,2023-04-11 04:43:00,10.39,0.29,0.15,0.34,0,54.47,207.3,,,0.78,中台
298,12M00000159733143,2023-04-11 05:43:00,11.54,0.29,0.12,0.32,0,60.28,225.08,,,0.73,中台
299,12M00000159733143,2023-04-11 06:43:00,13.19,0.9,0.15,0.3,0,52.68,267.15,,,1.35,中台
300,12M00000159733143,2023-04-11 07:43:00,6.58,0.67,0.23,0.24,0,72.6,285.6,,,1.14,中台
301,12M00000159733143,2023-04-11 08:43:00,12.66,0.83,0.05,0.15,0,73.41,345.64,,,1.03,中台
302,12M00000159733143,2023-04-11 09:43:00,6.0,0.93,0.23,0.24,0,67.19,272.63,,,1.4,中台
303,12M00000159733143,2023-04-11 10:43:00,11.48,0.83,0.26,0.37,0,68.47,327.93,,,1.46,中台
304,12M00000159733143,2023-04-11 11:43:00,14.62,0.62,0.07,0.24,0,68.81,251.03,,,0.93,中台
305,12M00000159733143,2023-04-11 12:43:00,10.52,0.67,0.28,0.28,0,74.94,300.11,,,1.23,中台
306,12M00000159733143,2023-04-11 13:43:00,13.23,0.25,0.23,0.35,0,81.38,260.42,,,0.83,中台
307,12M00000159733143,2023-04-11 14:43:00,7.69,0.63,0.12,0.29,0,64.28,244.31,,,1.04,中台
308,12M00000159733143,2023-04-11 15:43:00,10.01,0.57,0.16,0.21,0,63.68,295.36,,,0.94,中台
309,12M00000159733143,2023-04-11 16:43:00,8.59,0.99,0.28,0.21,0,77.11,227.03,,,1.48,中台
310,12M00000159733143,2023-04-11 17:43:00,8.99,0.86,0.2,0.3,0,65.09,246.93,,,1.36,中台
311,12M00000159733143,2023-04-11 18:43:00,10.82,0.2,0.16,0.1,0,75.73,325.79,,,0.46,中台
312,12M00000159733143,2023-04-11 19:43:00,5.23,0.7,0.07,0.27,0,63.95,348.98,,,1.04,中台
313,12M00000159733143,2023-04-11 20:43:00,5.37,0.25,0.29,0.13,0,66.2,206.95,,,0.67,中台
314,12M00000159733143,2023-04-11 21:43:00,6.91,0.95,0.27,0.3,0,66.87,267.8,,,1.52,中台
315,12M00000159733143,2023-04-11 22:43:00,5.85,0.77,0.27,0.12,0,52.0,233.82,,,1.16,中台
316,12M00000159733143,2023-04-11 23:43:00,12.82,0.58,0.29,0.33,0,58.92,227.61,,,1.2,中台
317,12M00000159733143,2023-04-12 00:43:00,5.5,0.92,0.17,0.24,0,59.78,208.35,,,1.33,中台
318,12M00000159733143,2023-04-12 01:43:00,12.42,0.93,0.09,0.28,0,75.93,297.44,,,1.3,中台
319,12M00000159733143,2023-04-12 02:43:00,5.54,0.34,0.08,0.33,0,89.31,202.41,,,0.75,中台
320,12M00000159733143,2023-04-12 03:43:00,5.93,0.72,0.2,0.13,0,83.07,325.37,,,1.05,中台
321,12M00000159733143,2023-04-12 04:43:00,13.05,0.12,0.05,0.32,0,55.69,318.22,,,0.49,中台
322,12M00000159733143,2023-04-12 05:43:00,11.01,0.38,0.15,0.15,0,50.33,266.74,,,0.68,中台
323,12M00000159733143,2023-04-12 06:43:00,11.18,0.37,0.08,0.12,0,73.9,205.25,,,0.57,中台
324,12M00000159733143,2023-04-12 07:43:00,5.25,0.34,0.21,0.33,0,73.11,220.85,,,0.88,中台
325,12M00000159733143,2023-04-12 08:43:00,8.28,0.83,0.06,0.18,0,87.06,348.66,,,1.07,中台
326,12M00000159733143,2023-04-12 09:43:00,13.02,0.79,0.22,0.25,0,61.26,256.34,,,1.26,中台
327,12M00000159733143,2023-04-12 10:43:00,6.11,0.34,0.28,0.26,0,87.65,225.79,,,0.88,中台
328,12M00000159733143,2023-04-12 11:43:00,8.07,0.29,0.26,0.26,0,72.7,265.03,,,0.81,中台
329,12M00000159733143,2023-04-12 12:43:00,14.19,0.25,0.09,0.19,0,74.68,303.29,,,0.53,中台
330,12M00000159733143,2023-04-12 13:43:00,9.78,0.49,0.05,0.11,0,52.51,244.0,,,0.65,中台
331,12M00000159733143,2023-04-12 14:43:00,10.34,0.82,0.19,0.36,0,77.55,261.47,,,1.37,中台
332,12M00000159733143,2023-04-12 15:43:00,14.28,0.26,0.15,0.14,0,65.04,248.87,,,0.55,中台
333,12M00000159733143,2023-04-12 16:43:00,11.57,0.81,0.28,0.11,0,84.28,315.39,,,1.2,中台
334,12M00000159733143,2023-04-12 17:43:00,11.03,0.87,0.2,0.36,0,88.73,324.65,,,1.43,中台
335,12M00000159733143,2023-04-12 18:43:00,6.34,0.53,0.19,0.36,0,61.89,302.94,,,1.08,中台
336,12M00000159733143,2023-04-12 19:43:00,10.82,0.84,0.1,0.29,0,75.37,348.61,,,1.23,中台
337,12M00000159733143,2023-04-12 20:43:00,14.01,0.65,0.08,0.27,0,75.66,283.49,,,1.0,中台
338,12M00000159733143,2023-04-12 21:43:00,7.49,0.26,0.21,0.32,0,54.29,323.24,,,0.79,中台
339,12M00000159733143,2023-04-12 22:43:00,13.95,0.22,0.11,0.23,0,62.91,339.4,,,0.56,中台
340,12M00000159733143,2023-04-12 23:43:00,12.91,0.96,0.08,0.3,0,83.14,285.97,,,1.34,中台
341,12M00000159733143,2023-04-13 00:43:00,5.7,0.89,0.11,0.15,0,79.16,205.1,,,1.15,中台
342,12M00000159733143,2023-04-13 01:43:00,14.88,0.6,0.26,0.32,0,60.59,243.6,,,1.18,中台
343,12M00000159733143,2023-04-13 02:43:00,12.91,0.57,0.1,0.29,0,83.11,324.81,,,0.96,中台
344,12M00000159733143,2023-04-13 03:43:00,10.79,0.98,0.3,0.3,0,74.95,327.9,,,1.58,中台
345,12M00000159733143,2023-04-13 04:43:00,10.25,0.15,0.07,0.15,0,85.68,233.35,,,0.37,中台
346,12M00000159733143,2023-04-13 05:43:00,6.06,0.48,0.19,0.21,0,61.54,324.26,,,0.88,中台
347,12M00000159733143,2023-04-13 06:43:00,5.11,0.6,0.08,0.35,0,67.46,338.28,,,1.03,中台
348,12M00000159733143,2023-04-13 07:43:00,11.25,0.21,0.15,0.21,0,56.39,211.96,,,0.57,中台
349,12M00000159733143,2023-04-13 08:43:00,12.1,0.63,0.09,0.11,0,80.61,320.98,,,0.83,中台
350,12M00000159733143,2023-04-13 09:43:00,9.68,0.61,0.21,0.24,0,53.15,297.74,,,1.06,中台
351,12M00000159733143,2023-04-13 10:43:00,6.81,0.29,0.23,0.12,0,89.06,256.72,,,0.64,中台
352,12M00000159733143,2023-04-13 11:43:00,7.14,0.14,0.18,0.3,0,85.68,219.52,,,0.62,中台
353,12M00000159733143,2023-04-13 12:43:00,7.27,0.53,0.13,0.23,0,82.01,309.86,,,0.89,中台
354,12M00000159733143,2023-04-13 13:43:00,8.9,0.32,0.18,0.29,0,81.53,282.8,,,0.79,中台
355,12M00000159733143,2023-04-13 14:43:00,7.81,0.24,0.26,0.18,0,86.5,284.42,,,0.68,中台
356,12M00000159733143,2023-04-13 15:43:00,8.85,0.87,0.29,0.39,0,55.44,263.45,,,1.55,中台
357,12M00000159733143,2023-04-13 16:43:00,8.23,0.79,0.15,0.39,0,89.39,336.21,,,1.33,中台
358,12M00000159733143,2023-04-13 17:43:00,12.97,0.62,0.12,0.3,0,77.82,248.43,,,1.04,中台
359,12M00000159733143,2023-04-13 18:43:00,7.88,0.13,0.22,0.11,0,51.08,316.99,,,0.46,中台
360,12M00000159733143,2023-04-13 19:43:00,5.99,0.18,0.26,0.19,0,77.38,317.05,,,0.63,中台
361,12M00000159733143,2023-04-13 20:43:00,5.7,0.7,0.24,0.21,0,84.3,235.45,,,1.15,中台
362,12M00000159733143,2023-04-13 21:43:00,14.25,0.89,0.14,0.25,0,61.53,296.1,,,1.28,中台
363,12M00000159733143,2023-04-13 22:43:00,12.4,0.71,0.07,0.19,0,51.71,261.75,,,0.97,中台
364,12M00000159733143,2023-04-13 23:43:00,9.5,0.56,0.28,0.11,0,74.6,347.78,,,0.95,中台
365,12M00000159733143,2023-04-14 00:43:00,5.95,0.13,0.26,0.35,0,69.83,263.89,,,0.74,中台
366,12M00000159733143,2023-04-14 01:43:00,5.14,0.28,0.18,0.33,0,59.46,230.69,,,0.79,中台
367,12M00000159733143,2023-04-14 02:43:00,10.32,0.17,0.29,0.17,0,59.2,330.83,,,0.63,中台
368,12M00000159733143,2023-04-14 03:43:00,5.14,0.97,0.1,0.14,0,59.32,251.36,,,1.21,中台
369,12M00000159733143,2023-04-14 04:43:00,6.96,0.89,0.09,0.12,0,79.23,247.8,,,1.1,中台
370,12M00000159733143,2023-04-14 05:43:00,8.75,0.75,0.23,0.19,0,71.42,205.09,,,1.17,中台
371,12M00000159733143,2023-04-14 06:43:00,6.97,0.68,0.21,0.25,0,82.26,264.77,,,1.14,中台
372,12M00000159733143,2023-04-14 07:43:00,8.78,0.18,0.19,0.17,0,54.04,200.93,,,0.54,中台
373,12M00000159733143,2023-04-14 08:43:00,12.88,0.81,0.13,0.2,0,55.93,241.38,,,1.14,中台
374,12M00000159733143,2023-04-14 09:43:00,11.0,0.88,0.06,0.16,0,62.93,231.27,,,1.1,中台
375,12M00000159733143,2023-04-14 10:43:00,5.82,0.64,0.21,0.36,0,64.65,249.83,,,1.21,中台
376,12M00000159733143,2023-04-14 11:43:00,10.2,0.56,0.05,0.22,0,87.15,231.98,,,0.83,中台
377,12M00000159733143,2023-04-14 12:43:00,5.35,0.12,0.24,0.18,0,55.09,217.84,,,0.54,中台
378,12M00000159733143,2023-04-14 13:43:00,6.4,0.42,0.26,0.2,0,83.47,282.09,,,0.88,中台
379,12M00000159733143,2023-04-14 14:43:00,13.07,0.53,0.28,0.3,0,86.85,286.01,,,1.11,中台
380,12M00000159733143,2023-04-14 15:43:00,7.72,0.65,0.08,0.22,0,82.7,210.45,,,0.95,中台
381,12M00000159733143,2023-04-14 16:43:00,8.0,0.34,0.23,0.3,0,68.23,344.18,,,0.87,中台
382,12M00000159733143,2023-04-14 17:43:00,11.17,0.4,0.24,0.15,0,89.25,341.68,,,0.79,中台
383,12M00000159733143,2023-04-14 18:43:00,10.85,0.11,0.1,0.38,0,76.72,235.85,,,0.59,中台
384,12M00000159733143,2023-04-14 19:43:00,14.01,0.92,0.09,0.25,0,85.95,238.38,,,1.26,中台
385,12M00000159733143,2023-04-14 20:43:00,10.15,0.97,0.25,0.36,0,57.32,283.2,,,1.58,中台
386,12M00000159733143,2023-04-14 21:43:00,5.48,0.95,0.11,0.18,0,63.42,344.42,,,1.24,中台
387,12M00000159733143,2023-04-14 22:43:00,7.13,0.15,0.23,0.29,0,64.36,326.76,,,0.67,中台
388,12M00000159733143,2023-04-14 23:43:00,5.15,0.78,0.1,0.24,0,78.83,251.94,,,1.12,中台
389,12M00000159733143,2023-04-15 00:43:00,7.21,0.86,0.1,0.22,0,84.64,330.13,,,1.18,中台
390,12M00000159733143,2023-04-15 01:43:00,11.96,0.59,0.19,0.35,0,68.91,300.05,,,1.13,中台
391,12M00000159733143,2023-04-15 02:43:00,10.99,0.91,0.07,0.27,0,59.39,204.15,,,1.25,中台
392,12M00000159733143,2023-04-15 03:43:00,5.48,0.71,0.06,0.1,0,56.44,229.97,,,0.87,中台
393,12M00000159733143,2023-04-15 04:43:00,13.37,0.95,0.19,0.1,0,51.52,235.18,,,1.24,中台
394,12M00000159733143,2023-04-15 05:43:00,14.68,0.65,0.09,0.34,0,70.38,213.38,,,1.08,中台
395,12M00000159733143,2023-04-15 06:43:00,14.53,0.28,0.11,0.19,0,59.28,311.38,,,0.58,中台
396,12M00000159733143,2023-04-15 07:43:00,11.12,0.66,0.28,0.23,0,60.35,322.28,,,1.17,中台
397,12M00000159733143,2023-04-15 08:43:00,5.82,0.24,0.22,0.28,0,70.96,205.01,,,0.74,中台
398,12M00000159733143,2023-04-15 09:43:00,11.86,0.8,0.26,0.26,0,86.39,337.23,,,1.32,中台
399,12M00000159733143,2023-04-15 10:43:00,14.98,0.48,0.2,0.36,0,67.86,304.1,,,1.04,中台
400,12M00000159733143,2023-04-15 11:43:00,7.14,0.41,0.22,0.26,0,62.9,212.0,,,0.89,中台
401,12M00000159733143,2023-04-15 12:43:00,14.17,0.79,0.28,0.4,0,50.27,319.68,,,1.47,中台
402,12M00000159733143,2023-04-15 13:43:00,12.15,0.5,0.2,0.31,0,80.11,278.61,,,1.01,中台
403,12M00000159733143,2023-04-15 14:43:00,7.19,0.91,0.23,0.1,0,80.24,250.46,,,1.24,中台
404,12M00000159733143,2023-04-15 15:43:00,12.3,0.27,0.19,0.15,0,58.13,299.51,,,0.61,中台
405,12M00000159733143,2023-04-15 16:43:00,6.66,0.62,0.2,0.17,0,51.29,324.61,,,0.99,中台
406,12M00000159733143,2023-04-15 17:43:00,5.1,0.32,0.29,0.4,0,73.28,242.42,,,1.01,中台
407,12M00000159733143,2023-04-15 18:43:00,10.77,0.52,0.25,0.19,0,78.49,256.87,,,0.96,中台
408,12M00000159733143,2023-04-15 19:43:00,10.29,0.32,0.11,0.34,0,72.06,317.66,,,0.77,中台
409,12M00000159733143,2023-04-15 20:43:00,5.83,0.69,0.29,0.31,0,82.2,215.88,,,1.29,中台
410,12M00000159733143,2023-04-15 21:43:00,10.76,0.78,0.08,0.34,0,77.62,243.06,,,1.2,中台
411,12M00000159733143,2023-04-15 22:43:00,6.19,0.25,0.2,0.37,0,57.74,269.82,,,0.82,中台
412,12M00000159733143,2023-04-15 23:43:00,12.14,0.18,0.18,0.31,0,74.78,347.28,,,0.67,中台
413,12M00000159733143,2023-04-16 00:43:00,10.09,0.58,0.25,0.3,0,82.04,220.69,,,1.13,中台
414,12M00000159733143,2023-04-16 01:43:00,9.2,0.8,0.13,0.16,0,75.87,214.03,,,1.09,中台
415,12M00000159733143,2023-04-16 02:43:00,7.94,0.19,0.28,0.33,0,63.01,318.66,,,0.8,中台
416,12M00000159733143,2023-04-16 03:43:00,10.81,0.69,0.14,0.26,0,68.53,206.76,,,1.09,中台
417,12M00000159733143,2023-04-16 04:43:00,12.62,0.46,0.26,0.18,0,78.73,203.62,,,0.9,中台
418,12M00000159733143,2023-04-16 05:43:00,10.81,0.2,0.23,0.33,0,78.54,322.75,,,0.76,中台
419,12M00000159733143,2023-04-16 06:43:00,10.8,0.29,0.24,0.38,0,89.47,327.74,,,0.91,中台
420,12M00000159733143,2023-04-16 07:43:00,10.07,0.39,0.12,0.17,0,73.65,271.19,,,0.68,中台
421,12M00000159733143,2023-04-16 08:43:00,14.75,0.59,0.23,0.12,0,88.78,228.36,,,0.94,中台
422,12M00000159733143,2023-04-16 09:43:00,8.86,0.19,0.06,0.13,0,57.07,339.3,,,0.38,中台
423,12M00000159733143,2023-04-16 10:43:00,8.31,0.81,0.11,0.17,0,79.15,287.17,,,1.09,中台
424,12M00000159733143,2023-04-16 11:43:00,8.42,0.12,0.1,0.31,0,73.65,268.2,,,0.53,中台
425,12M00000159733143,2023-04-16 12:43:00,12.44,0.89,0.2,0.37,0,85.71,331.62,,,1.46,中台
426,12M00000159733143,2023-04-16 13:43:00,8.28,0.82,0.27,0.19,0,81.12,264.33,,,1.28,中台
427,12M00000159733143,2023-04-16 14:43:00,14.91,0.24,0.09,0.22,0,84.41,339.39,,,0.55,中台
428,12M00000159733143,2023-04-16 15:43:00,5.27,0.24,0.13,0.29,0,82.28,299.21,,,0.66,中台
429,12M00000159733143,2023-04-16 16:43:00,6.61,0.59,0.14,0.37,0,68.21,340.38,,,1.1,中台
430,12M00000159733143,2023-04-16 17:43:00,9.99,0.95,0.12,0.11,0,82.41,219.87,,,1.18,中台
431,12M00000159733143,2023-04-16 18:43:00,14.68,0.36,0.13,0.39,0,73.33,222.85,,,0.88,中台
432,12M00000159733143,2023-04-16 19:43:00,7.25,0.66,0.24,0.3,0,62.78,292.13,,,1.2,中台
433,12M00000159733143,2023-04-16 20:43:00,5.53,0.23,0.06,0.34,0,74.11,345.67,,,0.63,中台
434,12M00000159733143,2023-04-16 21:43:00,10.45,0.81,0.26,0.15,0,62.64,337.29,,,1.22,中台
435,12M00000159733143,2023-04-16 22:43:00,9.22,0.32,0.24,0.27,0,83.76,261.94,,,0.83,中台
436,12M00000159733143,2023-04-16 23:43:00,10.12,0.11,0.14,0.1,0,77.72,255.87,,,0.35,中台
437,12M00000159733143,2023-04-17 00:43:00,11.01,0.98,0.3,0.24,0,82.1,230.67,,,1.52,中台
438,12M00000159733143,2023-04-17 01:43:00,9.19,0.5,0.07,0.26,0,68.08,346.72,,,0.83,中台
439,12M00000159733143,2023-04-17 02:43:00,14.57,0.14,0.11,0.35,0,56.32,251.0,,,0.6,中台
440,12M00000159733143,2023-04-17 03:43:00,10.35,0.48,0.09,0.23,0,55.23,241.39,,,0.8,中台
441,12M00000159733143,2023-04-17 04:43:00,9.46,0.21,0.2,0.32,0,73.97,328.82,,,0.73,中台
442,12M00000159733143,2023-04-17 05:43:00,9.6,0.31,0.13,0.33,0,73.86,251.93,,,0.77,中台
443,12M00000159733143,2023-04-17 06:43:00,9.42,0.13,0.16,0.36,0,63.47,282.96,,,0.65,中台
444,12M00000159733143,2023-04-17 07:43:00,6.51,0.9,0.15,0.12,0,53.91,222.29,,,1.17,中台
445,12M00000159733143,2023-04-17 08:43:00,9.37,0.2,0.08,0.33,0,58.39,268.86,,,0.61,中台
446,12M00000159733143,2023-04-17 09:43:00,8.63,0.9,0.22,0.25,0,79.69,295.94,,,1.37,中台
447,12M00000159733143,2023-04-17 10:43:00,8.63,0.88,0.3,0.36,0,63.89,340.84,,,1.54,中台
448,12M00000159733143,2023-04-17 11:43:00,11.38,0.21,0.27,0.39,0,78.56,334.84,,,0.87,中台
449,12M00000159733143,2023-04-17 12:43:00,13.34,0.25,0.27,0.37,0,89.17,275.97,,,0.89,中台
450,12M00000159733143,2023-04-17 13:43:00,12.37,0.26,0.24,0.13,0,87.84,251.97,,,0.63,中台
451,12M00000159733143,2023-04-17 14:43:00,6.9,0.83,0.15,0.33,0,56.39,313.28,,,1.31,中台
452,12M00000159733143,2023-04-17 15:43:00,12.76,0.82,0.22,0.12,0,78.21,245.39,,,1.16,中台
453,12M00000159733143,2023-04-17 16:43:00,13.52,0.97,0.06,0.3,0,69.72,229.26,,,1.33,中台
454,12M00000159733143,2023-04-17 17:43:00,13.68,0.11,0.26,0.13,0,80.02,250.12,,,0.5,中台
455,12M00000159733143,2023-04-17 18:43:00,14.88,0.53,0.29,0.34,0,79.38,245.53,,,1.16,中台
456,12M00000159733143,2023-04-17 19:43:00,12.56,0.79,0.07,0.28,0,70.93,213.99,,,1.14,中台
457,12M00000159733143,2023-04-17 20:43:00,8.68,0.76,0.06,0.14,0,58.62,295.02,,,0.96,中台
458,12M00000159733143,2023-04-17 21:43:00,13.05,0.21,0.14,0.37,0,63.92,347.72,,,0.72,中台
459,12M00000159733143,2023-04-17 22:43:00,11.1,0.41,0.06,0.24,0,85.24,214.11,,,0.71,中台
460,12M00000159733143,2023-04-17 23:43:00,12.72,0.7,0.23,0.2,0,55.15,277.81,,,1.13,中台
461,12M00000159733143,2023-04-18 00:43:00,5.04,0.2,0.12,0.14,0,86.15,343.56,,,0.46,中台
462,12M00000159733143,2023-04-18 01:43:00,7.11,0.72,0.17,0.13,0,86.1,274.25,,,1.02,中台
463,12M00000159733143,2023-04-18 02:43:00,10.63,0.75,0.08,0.24,0,62.68,303.73,,,1.07,中台
464,12M00000159733143,2023-04-18 03:43:00,12.12,0.29,0.08,0.24,0,86.78,297.15,,,0.61,中台
465,12M00000159733143,2023-04-18 04:43:00,14.86,0.56,0.19,0.23,0,70.26,264.17,,,0.98,中台
466,12M00000159733143,2023-04-18 05:43:00,10.9,0.92,0.28,0.28,0,62.58,258.34,,,1.48,中台
467,12M00000159733143,2023-04-18 06:43:00,9.73,0.61,0.2,0.16,0,59.59,297.35,,,0.97,中台
468,12M00000159733143,2023-04-18 07:43:00,10.82,0.38,0.25,0.34,0,68.22,221.98,,,0.97,中台
469,12M00000159733143,2023-04-18 08:43:00,14.07,0.93,0.15,0.25,0,85.33,346.98,,,1.33,中台
470,12M00000159733143,2023-04-18 09:43:00,5.86,0.55,0.18,0.3,0,61.98,250.84,,,1.03,中台
471,12M00000159733143,2023-04-18 10:43:00,13.34,0.87,0.26,0.23,0,69.9,345.86,,,1.36,中台
472,12M00000159733143,2023-04-18 11:43:00,6.16,0.27,0.1,0.28,0,65.0,242.57,,,0.65,中台
473,12M00000159733143,2023-04-18 12:43:00,12.7,0.16,0.23,0.37,0,79.41,312.61,,,0.76,中台
474,12M00000159733143,2023-04-18 13:43:00,11.44,0.5,0.07,0.2,0,81.0,264.84,,,0.77,中台
475,12M00000159733143,2023-04-18 14:43:00,6.01,0.28,0.08,0.29,0,88.41,306.79,,,0.65,中台
476,12M00000159733143,2023-04-18 15:43:00,10.96,0.86,0.09,0.12,0,75.72,338.74,,,1.07,中台
477,12M00000159733143,2023-04-18 16:43:00,14.65,0.78,0.27,0.39,0,54.16,288.04,,,1.44,中台
478,12M00000159733143,2023-04-18 17:43:00,6.42,0.16,0.19,0.39,0,70.23,222.87,,,0.74,中台
479,12M00000159733143,2023-04-18 18:43:00,9.13,0.32,0.12,0.38,0,83.52,279.53,,,0.82,中台
480,12M00000159733143,2023-04-18 19:43:00,13.64,0.26,0.14,0.35,0,63.37,265.76,,,0.75,中台
481,12M00000159733143,2023-04-18 20:43:00,13.1,0.31,0.24,0.17,0,54.37,323.7,,,0.72,中台
482,12M00000159733143,2023-04-18 21:43:00,9.95,0.82,0.11,0.32,0,70.38,238.53,,,1.25,中台
483,12M00000159733143,2023-04-18 22:43:00,8.74,0.16,0.22,0.28,0,57.83,300.01,,,0.66,中台
484,12M00000159733143,2023-04-18 23:43:00,12.75,0.28,0.28,0.11,0,50.76,340.29,,,0.67,中台
485,12M00000159733143,2023-04-19 00:43:00,8.17,0.15,0.29,0.38,0,57.28,269.01,,,0.82,中台
486,12M00000159733143,2023-04-19 01:43:00,11.33,0.21,0.14,0.34,0,89.74,346.71,,,0.69,中台
487,12M00000159733143,2023-04-19 02:43:00,14.34,0.97,0.15,0.37,0,74.91,310.18,,,1.49,中台
488,12M00000159733143,2023-04-19 03:43:00,9.14,0.35,0.17,0.29,0,78.92,218.75,,,0.81,中台
489,12M00000159733143,2023-04-19 04:43:00,10.36,0.39,0.12,0.14,0,71.37,262.72,,,0.65,中台
490,12M00000159733143,2023-04-19 05:43:00,5.3,0.33,0.29,0.16,0,64.57,243.14,,,0.78,中台
491,12M00000159733143,2023-04-19 06:43:00,10.2,0.74,0.21,0.23,0,69.71,277.48,,,1.18,中台
492,12M00000159733143,2023-04-19 07:43:00,8.04,0.49,0.24,0.34,0,79.99,215.93,,,1.07,中台
493,12M00000159733143,2023-04-19 08:43:00,8.03,0.35,0.28,0.33,0,82.76,346.44,,,0.96,中台
494,12M00000159733143,2023-04-19 09:43:00,11.14,0.71,0.3,0.35,0,71.82,295.0,,,1.36,中台
495,12M00000159733143,2023-04-19 10:43:00,8.82,0.86,0.28,0.26,0,53.05,286.96,,,1.4,中台
496,12M00000159733143,2023-04-19 11:43:00,7.93,0.26,0.26,0.35,0,58.16,306.06,,,0.87,中台
497,12M00000159733143,2023-04-19 12:43:00,14.66,0.19,0.07,0.1,0,63.95,342.74,,,0.36,中台
498,12M00000159733143,2023-04-19 13:43:00,8.26,0.66,0.19,0.13,0,78.72,308.64,,,0.98,中台
499,12M00000159733143,2023-04-19 14:43:00,12.9,0.85,0.06,0.19,0,67.38,242.07,,,1.1,中台
500,12M00000159733143,2023-04-19 15:43:00,9.17,0.97,0.3,0.21,0,73.27,302.5,,,1.48,中台
501,12M00000159733143,2023-04-19 16:43:00,11.18,0.15,0.07,0.27,0,56.73,333.74,,,0.49,中台
502,12M00000159733143,2023-04-19 17:43:00,8.47,0.66,0.16,0.24,0,84.38,278.0,,,1.06,中台
503,12M00000159733143,2023-04-19 18:43:00,8.2,0.76,0.18,0.33,0,84.33,347.57,,,1.27,中台
504,12M00000159733143,2023-04-19 19:43:00,9.66,0.18,0.19,0.19,0,55.88,209.75,,,0.56,中台
505,12M00000159733143,2023-04-19 20:43:00,5.57,0.34,0.17,0.32,0,50.77,325.55,,,0.83,中台
506,12M00000159733143,2023-04-19 21:43:00,5.14,0.56,0.13,0.37,0,58.13,283.47,,,1.06,中台
507,12M00000159733143,2023-04-19 22:43:00,7.04,0.21,0.22,0.24,0,74.48,322.48,,,0.67,中台
508,12M00000159733143,2023-04-19 23:43:00,11.81,0.3,0.26,0.38,0,74.12,298.6,,,0.94,中台
509,12M00000159733143,2023-04-20 00:43:00,6.75,0.87,0.11,0.23,0,65.05,343.06,,,1.21,中台
510,12M00000159733143,2023-04-20 01:43:00,5.49,0.79,0.12,0.35,0,82.33,287.82,,,1.26,中台
511,12M00000159733143,2023-04-20 02:43:00,10.81,0.84,0.06,0.39,0,52.46,295.82,,,1.29,中台
512,12M00000159733143,2023-04-20 03:43:00,6.93,0.83,0.15,0.26,0,57.79,300.26,,,1.24,中台
513,12M00000159733143,2023-04-20 04:43:00,13.18,0.3,0.16,0.24,0,63.76,221.9,,,0.7,中台
514,12M00000159733143,2023-04-20 05:43:00,14.99,0.86,0.22,0.27,0,59.59,282.55,,,1.35,中台
515,12M00000159733143,2023-04-20 06:43:00,9.44,0.68,0.16,0.13,0,84.69,329.66,,,0.97,中台
516,12M00000159733143,2023-04-20 07:43:00,7.68,0.35,0.12,0.28,0,72.21,277.12,,,0.75,中台
517,12M00000159733143,2023-04-20 08:43:00,8.75,0.94,0.07,0.35,0,60.2,262.24,,,1.36,中台
518,12M00000159733143,2023-04-20 09:43:00,11.82,0.52,0.22,0.11,0,53.8,203.6,,,0.85,中台
519,12M00000159733143,2023-04-20 10:43:00,5.97,0.14,0.19,0.35,0,84.34,208.73,,,0.68,中台
520,12M00000159733143,2023-04-20 11:43:00,7.91,0.74,0.2,0.38,0,66.64,279.79,,,1.32,中台
521,12M00000159733143,2023-04-20 12:43:00,12.93,0.31,0.18,0.37,0,68.0,348.81,,,0.86,中台
522,12M00000159733143,2023-04-20 13:43:00,8.9,0.62,0.23,0.13,0,71.1,201.15,,,0.98,中台
523,12M00000159733143,2023-04-20 14:43:00,10.0,0.67,0.21,0.17,0,68.35,253.57,,,1.05,中台
524,12M00000159733143,2023-04-20 15:43:00,10.36,0.26,0.25,0.39,0,73.4,304.42,,,0.9,中台
525,12M00000159733143,2023-04-20 16:43:00,6.69,1.0,0.2,0.22,0,52.78,323.07,,,1.42,中台
526,12M00000159733143,2023-04-20 17:43:00,6.86,0.46,0.29,0.26,0,53.79,292.61,,,1.01,中台
527,12M00000159733143,2023-04-20 18:43:00,6.08,0.15,0.26,0.34,0,68.08,333.96,,,0.75,中台
528,12M00000159733143,2023-04-20 19:43:00,7.73,0.65,0.22,0.16,0,54.73,229.27,,,1.03,中台
529,12M00000159733143,2023-04-20 20:43:00,5.7,0.51,0.09,0.35,0,57.93,298.83,,,0.95,中台
530,12M00000159733143,2023-04-20 21:43:00,13.59,0.79,0.1,0.24,0,64.63,230.58,,,1.13,中台
531,12M00000159733143,2023-04-20 22:43:00,10.27,0.18,0.14,0.11,0,85.96,212.63,,,0.43,中台
532,12M00000159733143,2023-04-20 23:43:00,9.96,0.29,0.05,0.32,0,84.67,202.65,,,0.66,中台
533,12M00000159733143,2023-04-21 00:43:00,5.8,0.93,0.14,0.35,0,88.88,304.76,,,1.42,中台
534,12M00000159733143,2023-04-21 01:43:00,6.83,0.79,0.11,0.14,0,70.71,286.28,,,1.04,中台
535,12M00000159733143,2023-04-21 02:43:00,10.6,0.75,0.12,0.39,0,56.9,328.68,,,1.26,中台
536,12M00000159733143,2023-04-21 03:43:00,9.29,0.88,0.16,0.25,0,54.75,270.46,,,1.29,中台
537,12M00000159733143,2023-04-21 04:43:00,11.05,0.86,0.16,0.33,0,52.61,321.76,,,1.35,中台
538,12M00000159733143,2023-04-21 05:43:00,10.65,0.97,0.12,0.21,0,57.13,205.74,,,1.3,中台
539,12M00000159733143,2023-04-21 06:43:00,7.01,0.18,0.24,0.17,0,70.38,319.32,,,0.59,中台
540,12M00000159733143,2023-04-21 07:43:00,6.19,0.38,0.2,0.13,0,51.1,203.16,,,0.71,中台
541,12M00000159733143,2023-04-21 08:43:00,9.09,0.22,0.23,0.27,0,58.55,298.05,,,0.72,中台
542,12M00000159733143,2023-04-21 09:43:00,5.33,0.91,0.29,0.34,0,78.36,264.19,,,1.54,中台
543,12M00000159733143,2023-04-21 10:43:00,6.84,0.82,0.19,0.38,0,50.1,232.03,,,1.39,中台
544,12M00000159733143,2023-04-21 11:43:00,5.34,0.12,0.27,0.34,0,73.56,223.18,,,0.73,中台
545,12M00000159733143,2023-04-21 12:43:00,5.34,0.89,0.26,0.36,0,57.6,318.44,,,1.51,中台
546,12M00000159733143,2023-04-21 13:43:00,11.46,0.2,0.21,0.34,0,69.62,321.96,,,0.75,中台
547,12M00000159733143,2023-04-21 14:43:00,10.61,0.87,0.15,0.3,0,50.3,317.01,,,1.32,中台
548,12M00000159733143,2023-04-21 15:43:00,12.41,0.16,0.28,0.13,0,78.89,331.4,,,0.57,中台
549,12M00000159733143,2023-04-21 16:43:00,8.74,0.95,0.13,0.2,0,58.16,247.05,,,1.28,中台
550,12M00000159733143,2023-04-21 17:43:00,11.73,0.89,0.14,0.32,0,69.34,291.29,,,1.35,中台
551,12M00000159733143,2023-04-21 18:43:00,14.75,0.13,0.22,0.11,0,56.82,332.9,,,0.46,中台
552,12M00000159733143,2023-04-21 19:43:00,8.87,0.62,0.27,0.26,0,58.48,244.78,,,1.15,中台
553,12M00000159733143,2023-04-21 20:43:00,13.49,0.83,0.2,0.21,0,53.61,272.57,,,1.24,中台
554,12M00000159733143,2023-04-21 21:43:00,12.02,0.17,0.26,0.31,0,69.87,297.75,,,0.74,中台
555,12M00000159733143,2023-04-21 22:43:00,10.23,0.98,0.26,0.27,0,84.92,247.33,,,1.51,中台
556,12M00000159733143,2023-04-21 23:43:00,6.43,0.53,0.25,0.25,0,58.92,309.62,,,1.03,中台
557,12M00000159733143,2023-04-22 00:43:00,6.58,0.73,0.06,0.16,0,76.06,339.64,,,0.95,中台
558,12M00000159733143,2023-04-22 01:43:00,13.78,0.35,0.18,0.34,0,69.01,200.2,,,0.87,中台
559,12M00000159733143,2023-04-22 02:43:00,7.89,0.37,0.16,0.18,0,78.29,277.37,,,0.71,中台
560,12M00000159733143,2023-04-22 03:43:00,14.0,0.1,0.14,0.29,0,55.64,230.97,,,0.53,中台
561,12M00000159733143,2023-04-22 04:43:00,13.75,0.97,0.28,0.28,0,84.01,215.34,,,1.53,中台
562,12M00000159733143,2023-04-22 05:43:00,6.87,0.25,0.14,0.28,0,81.77,260.54,,,0.67,中台
563,12M00000159733143,2023-04-22 06:43:00,6.96,0.38,0.19,0.19,0,52.38,287.86,,,0.76,中台
564,12M00000159733143,2023-04-22 07:43:00,5.81,0.79,0.27,0.31,0,62.29,248.16,,,1.37,中台
565,12M00000159733143,2023-04-22 08:43:00,9.35,0.64,0.28,0.39,0,76.73,318.0,,,1.31,中台
566,12M00000159733143,2023-04-22 09:43:00,5.35,0.66,0.17,0.21,0,84.42,282.92,,,1.04,中台
567,12M00000159733143,2023-04-22 10:43:00,13.07,0.52,0.08,0.38,0,89.58,239.29,,,0.98,中台
568,12M00000159733143,2023-04-22 11:43:00,14.24,0.43,0.23,0.35,0,52.99,318.71,,,1.01,中台
569,12M00000159733143,2023-04-22 12:43:00,9.67,0.19,0.2,0.19,0,57.69,208.01,,,0.58,中台
570,12M00000159733143,2023-04-22 13:43:00,14.08,0.76,0.27,0.37,0,79.65,313.54,,,1.4,中台
571,12M00000159733143,2023-04-22 14:43:00,13.29,0.44,0.21,0.25,0,65.53,235.55,,,0.9,中台
572,12M00000159733143,2023-04-22 15:43:00,5.67,0.95,0.15,0.22,0,58.38,277.14,,,1.32,中台
573,12M00000159733143,2023-04-22 16:43:00,10.67,0.2,0.15,0.17,0,83.02,347.57,,,0.52,中台
574,12M00000159733143,2023-04-22 17:43:00,14.72,0.28,0.29,0.31,0,88.78,213.8,,,0.88,中台
575,12M00000159733143,2023-04-22 18:43:00,8.61,0.37,0.26,0.27,0,70.37,321.35,,,0.9,中台
576,12M00000159733143,2023-04-22 19:43:00,6.62,0.3,0.18,0.37,0,58.04,317.6,,,0.85,中台
577,12M00000159733143,2023-04-22 20:43:00,6.74,0.19,0.23,0.27,0,86.11,252.94,,,0.69,中台
578,12M00000159733143,2023-04-22 21:43:00,5.27,0.6,0.06,0.25,0,56.07,200.16,,,0.91,中台
579,12M00000159733143,2023-04-22 22:43:00,14.6,0.44,0.18,0.39,0,85.1,236.35,,,1.01,中台
580,12M00000159733143,2023-04-22 23:43:00,14.53,0.36,0.26,0.37,0,89.99,325.38,,,0.99,中台
581,12M00000159733143,2023-04-23 00:43:00,6.25,0.5,0.24,0.24,0,72.92,219.14,,,0.98,中台
582,12M00000159733143,2023-04-23 01:43:00,13.08,0.71,0.15,0.2,0,52.54,223.54,,,1.06,中台
583,12M00000159733143,2023-04-23 02:43:00,7.95,0.53,0.16,0.31,0,72.15,345.98,,,1.0,中台
584,12M00000159733143,2023-04-23 03:43:00,7.26,0.48,0.18,0.36,0,55.48,288.03,,,1.02,中台
585,12M00000159733143,2023-04-23 04:43:00,13.07,0.35,0.23,0.29,0,56.81,219.85,,,0.87,中台
586,12M00000159733143,2023-04-23 05:43:00,12.09,0.86,0.21,0.12,0,50.27,228.91,,,1.19,中台
587,12M00000159733143,2023-04-23 06:43:00,13.54,0.98,0.13,0.12,0,63.77,254.13,,,1.23,中台
588,12M00000159733143,2023-04-23 07:43:00,12.05,0.61,0.15,0.13,0,74.11,208.96,,,0.89,中台
589,12M00000159733143,2023-04-23 08:43:00,14.36,0.78,0.11,0.22,0,86.89,342.26,,,1.11,中台
590,12M00000159733143,2023-04-23 09:43:00,13.95,0.55,0.25,0.22,0,56.85,221.67,,,1.02,中台
591,12M00000159733143,2023-04-23 10:43:00,6.63,0.24,0.15,0.35,0,75.69,268.23,,,0.74,中台
592,12M00000159733143,2023-04-23 11:43:00,13.33,0.87,0.14,0.3,0,88.97,219.15,,,1.31,中台
593,12M00000159733143,2023-04-23 12:43:00,12.7,0.92,0.23,0.12,0,84.36,210.47,,,1.27,中台
594,12M00000159733143,2023-04-23 13:43:00,10.47,0.48,0.24,0.31,0,75.69,247.83,,,1.03,中台
595,12M00000159733143,2023-04-23 14:43:00,13.44,0.59,0.26,0.28,0,81.32,324.31,,,1.13,中台
596,12M00000159733143,2023-04-23 15:43:00,6.28,0.38,0.15,0.28,0,56.6,257.75,,,0.81,中台
597,12M00000159733143,2023-04-23 16:43:00,6.08,0.72,0.17,0.26,0,62.02,256.61,,,1.15,中台
598,12M00000159733143,2023-04-23 17:43:00,10.88,0.95,0.29,0.24,0,66.23,315.24,,,1.48,中台
599,12M00000159733143,2023-04-23 18:43:00,10.11,0.71,0.16,0.31,0,88.77,263.9,,,1.18,中台
600,12M00000159733143,2023-04-23 19:43:00,8.39,0.72,0.27,0.17,0,80.44,294.37,,,1.16,中台
601,12M00000159733143,2023-04-23 20:43:00,9.87,0.98,0.19,0.19,0,75.61,272.82,,,1.36,中台
602,12M00000159733143,2023-04-23 21:43:00,9.45,0.86,0.27,0.19,0,63.2,300.74,,,1.32,中台
603,12M00000159733143,2023-04-23 22:43:00,12.59,0.45,0.25,0.26,0,71.82,262.06,,,0.96,中台
604,12M00000159733143,2023-04-23 23:43:00,14.25,0.46,0.29,0.16,0,72.7,223.84,,,0.91,中台
605,12M00000159733143,2023-04-24 00:43:00,8.91,0.76,0.21,0.13,0,81.81,326.03,,,1.1,中台
606,12M00000159733143,2023-04-24 01:43:00,6.58,0.16,0.18,0.31,0,67.6,287.21,,,0.65,中台
607,12M00000159733143,2023-04-24 02:43:00,12.02,0.58,0.13,0.23,0,51.95,253.47,,,0.94,中台
608,12M00000159733143,2023-04-24 03:43:00,11.43,0.46,0.24,0.26,0,73.88,238.62,,,0.96,中台
609,12M00000159733143,2023-04-24 04:43:00,8.58,0.5,0.05,0.19,0,83.1,291.48,,,0.74,中台
610,12M00000159733143,2023-04-24 05:43:00,14.23,0.59,0.16,0.36,0,58.9,332.67,,,1.11,中台
611,12M00000159733143,2023-04-24 06:43:00,6.52,0.61,0.17,0.16,0,71.73,247.4,,,0.94,中台
612,12M00000159733143,2023-04-24 07:43:00,7.04,0.73,0.29,0.11,0,71.03,346.81,,,1.13,中台
613,12M00000159733143,2023-04-24 08:43:00,9.23,0.18,0.06,0.16,0,79.7,216.24,,,0.4,中台
614,12M00000159733143,2023-04-24 09:43:00,5.58,0.91,0.07,0.26,0,78.11,269.46,,,1.24,中台
615,12M00000159733143,2023-04-24 10:43:00,14.46,0.16,0.29,0.34,0,57.98,241.92,,,0.79,中台
616,12M00000159733143,2023-04-24 11:43:00,7.01,0.11,0.17,0.34,0,56.75,277.7,,,0.62,中台
617,12M00000159733143,2023-04-24 12:43:00,5.21,0.96,0.23,0.22,0,69.06,324.26,,,1.41,中台
618,12M00000159733143,2023-04-24 13:43:00,9.09,0.22,0.07,0.26,0,55.17,252.25,,,0.55,中台
619,12M00000159733143,2023-04-24 14:43:00,14.77,0.74,0.16,0.22,0,63.03,283.58,,,1.12,中台
620,12M00000159733143,2023-04-24 15:43:00,11.59,0.51,0.06,0.16,0,69.63,278.32,,,0.73,中台
621,12M00000159733143,2023-04-24 16:43:00,5.71,0.33,0.15,0.1,0,59.67,215.3,,,0.58,中台
622,12M00000159733143,2023-04-24 17:43:00,14.9,0.57,0.11,0.28,0,60.56,296.88,,,0.96,中台
623,12M00000159733143,2023-04-24 18:43:00,11.12,0.68,0.14,0.39,0,66.77,219.4,,,1.21,中台
624,12M00000159733143,2023-04-24 19:43:00,13.6,0.36,0.25,0.33,0,88.75,262.93,,,0.94,中台
625,12M00000159733143,2023-04-24 20:43:00,10.77,0.38,0.13,0.39,0,63.47,281.4,,,0.9,中台
626,12M00000159733143,2023-04-24 21:43:00,5.47,0.39,0.24,0.27,0,54.98,331.52,,,0.9,中台
627,12M00000159733143,2023-04-24 22:43:00,12.66,0.74,0.24,0.36,0,73.96,224.6,,,1.34,中台
628,12M00000159733143,2023-04-24 23:43:00,9.89,0.51,0.21,0.21,0,68.66,248.89,,,0.93,中台
629,12M00000159733143,2023-04-25 00:43:00,6.49,0.49,0.16,0.28,0,57.81,302.99,,,0.93,中台
630,12M00000159733143,2023-04-25 01:43:00,10.91,0.15,0.27,0.34,0,83.44,295.14,,,0.76,中台
631,12M00000159733143,2023-04-25 02:43:00,12.65,0.39,0.28,0.35,0,76.97,257.1,,,1.02,中台
632,12M00000159733143,2023-04-25 03:43:00,13.32,0.18,0.21,0.4,0,67.42,249.71,,,0.79,中台
633,12M00000159733143,2023-04-25 04:43:00,5.24,0.58,0.16,0.3,0,87.82,316.69,,,1.04,中台
634,12M00000159733143,2023-04-25 05:43:00,9.45,0.93,0.08,0.28,0,77.16,310.62,,,1.29,中台
635,12M00000159733143,2023-04-25 06:43:00,7.04,0.13,0.19,0.26,0,81.65,282.64,,,0.58,中台
636,12M00000159733143,2023-04-25 07:43:00,10.36,0.32,0.06,0.31,0,55.0,267.69,,,0.69,中台
637,12M00000159733143,2023-04-25 08:43:00,9.98,0.4,0.08,0.33,0,85.47,223.85,,,0.81,中台
638,12M00000159733143,2023-04-25 09:43:00,10.4,0.97,0.21,0.19,0,74.97,240.01,,,1.37,中台
639,12M00000159733143,2023-04-25 10:43:00,10.64,0.27,0.13,0.35,0,86.86,310.9,,,0.75,中台
640,12M00000159733143,2023-04-25 11:43:00,8.0,0.82,0.18,0.24,0,70.49,346.5,,,1.24,中台
641,12M00000159733143,2023-04-25 12:43:00,5.24,0.9,0.06,0.38,0,53.65,282.65,,,1.34,中台
642,12M00000159733143,2023-04-25 13:43:00,10.26,0.27,0.13,0.18,0,82.7,207.75,,,0.58,中台
643,12M00000159733143,2023-04-25 14:43:00,13.72,0.28,0.29,0.18,0,66.36,321.24,,,0.75,中台
644,12M00000159733143,2023-04-25 15:43:00,12.82,0.51,0.19,0.16,0,89.77,206.21,,,0.86,中台
645,12M00000159733143,2023-04-25 16:43:00,8.15,0.14,0.1,0.2,0,50.76,300.04,,,0.44,中台
646,12M00000159733143,2023-04-25 17:43:00,11.92,0.9,0.05,0.19,0,77.09,295.79,,,1.14,中台
647,12M00000159733143,2023-04-25 18:43:00,8.76,0.28,0.21,0.26,0,81.38,344.4,,,0.75,中台
648,12M00000159733143,2023-04-25 19:43:00,11.24,0.19,0.26,0.29,0,57.29,317.97,,,0.74,中台
649,12M00000159733143,2023-04-25 20:43:00,12.83,0.14,0.21,0.21,0,82.54,226.51,,,0.56,中台
650,12M00000159733143,2023-04-25 21:43:00,10.6,0.63,0.13,0.22,0,87.75,300.33,,,0.98,中台
651,12M00000159733143,2023-04-25 22:43:00,10.04,0.79,0.27,0.33,0,65.56,302.13,,,1.39,中台
652,12M00000159733143,2023-04-25 23:43:00,6.93,0.62,0.12,0.36,0,66.59,279.37,,,1.1,中台
653,12M00000159733143,2023-04-26 00:43:00,11.51,0.59,0.06,0.23,0,63.13,203.58,,,0.88,中台
654,12M00000159733143,2023-04-26 01:43:00,12.18,0.76,0.2,0.29,0,68.08,335.76,,,1.25,中台
655,12M00000159733143,2023-04-26 02:43:00,7.1,0.15,0.07,0.2,0,89.37,204.1,,,0.42,中台
656,12M00000159733143,2023-04-26 03:43:00,13.32,0.42,0.24,0.21,0,65.15,310.61,,,0.87,中台
657,12M00000159733143,2023-04-26 04:43:00,11.05,0.12,0.2,0.37,0,57.46,266.2,,,0.69,中台
658,12M00000159733143,2023-04-26 05:43:00,6.15,0.32,0.23,0.19,0,81.74,307.81,,,0.74,中台
659,12M00000159733143,2023-04-26 06:43:00,5.51,0.8,0.2,0.25,0,73.38,289.32,,,1.25,中台
660,12M00000159733143,2023-04-26 07:43:00,8.9,0.98,0.19,0.14,0,78.48,342.36,,,1.31,中台
661,12M00000159733143,2023-04-26 08:43:00,10.79,0.77,0.22,0.32,0,50.57,241.15,,,1.31,中台
662,12M00000159733143,2023-04-26 09:43:00,12.9,0.93,0.15,0.25,0,85.95,236.43,,,1.33,中台
663,12M00000159733143,2023-04-26 10:43:00,10.75,0.94,0.13,0.4,0,50.93,216.72,,,1.47,中台
664,12M00000159733143,2023-04-26 11:43:00,9.88,0.8,0.21,0.34,0,85.94,337.74,,,1.35,中台
665,12M00000159733143,2023-04-26 12:43:00,12.14,0.75,0.16,0.4,0,77.99,210.98,,,1.31,中台
666,12M00000159733143,2023-04-26 13:43:00,10.14,0.17,0.07,0.17,0,86.12,309.96,,,0.41,中台
667,12M00000159733143,2023-04-26 14:43:00,9.2,0.98,0.14,0.34,0,81.73,332.48,,,1.46,中台
668,12M00000159733143,2023-04-26 15:43:00,7.35,0.82,0.12,0.16,0,88.53,269.05,,,1.1,中台
669,12M00000159733143,2023-04-26 16:43:00,11.17,0.89,0.05,0.3,0,72.36,225.41,,,1.24,中台
670,12M00000159733143,2023-04-26 17:43:00,10.25,0.89,0.17,0.4,0,53.75,333.08,,,1.46,中台
671,12M00000159733143,2023-04-26 18:43:00,14.2,0.48,0.17,0.4,0,64.06,319.16,,,1.05,中台
672,12M00000159733143,2023-04-26 19:43:00,14.91,0.26,0.08,0.23,0,63.12,254.72,,,0.57,中台
673,12M00000159733143,2023-04-26 20:43:00,13.68,0.31,0.26,0.17,0,65.29,307.52,,,0.74,中台
674,12M00000159733143,2023-04-26 21:43:00,10.43,0.9,0.16,0.31,0,86.04,212.97,,,1.37,中台
675,12M00000159733143,2023-04-26 22:43:00,11.19,0.32,0.28,0.23,0,78.65,200.29,,,0.83,中台
676,12M00000159733143,2023-04-26 23:43:00,14.91,0.28,0.23,0.38,0,56.52,263.28,,,0.89,中台
677,12M00000159733143,2023-04-27 00:43:00,10.27,0.3,0.22,0.13,0,70.22,288.34,,,0.65,中台
678,12M00000159733143,2023-04-27 01:43:00,13.4,0.9,0.24,0.23,0,84.61,215.73,,,1.37,中台
679,12M00000159733143,2023-04-27 02:43:00,9.77,0.83,0.22,0.3,0,71.65,313.63,,,1.35,中台
680,12M00000159733143,2023-04-27 03:43:00,12.87,0.3,0.05,0.28,0,52.57,200.23,,,0.63,中台
681,12M00000159733143,2023-04-27 04:43:00,9.85,0.32,0.08,0.27,0,63.39,282.24,,,0.67,中台
682,12M00000159733143,2023-04-27 05:43:00,12.13,0.49,0.05,0.21,0,51.04,332.11,,,0.75,中台
683,12M00000159733143,2023-04-27 06:43:00,8.23,1.0,0.29,0.29,0,80.92,247.96,,,1.58,中台
684,12M00000159733143,2023-04-27 07:43:00,14.49,0.48,0.21,0.28,0,77.33,214.45,,,0.97,中台
685,12M00000159733143,2023-04-27 08:43:00,8.17,0.12,0.2,0.1,0,76.68,212.01,,,0.42,中台
686,12M00000159733143,2023-04-27 09:43:00,9.05,0.7,0.28,0.23,0,68.3,309.69,,,1.21,中台
687,12M00000159733143,2023-04-27 10:43:00,8.78,0.75,0.06,0.1,0,66.76,303.31,,,0.91,中台
688,12M00000159733143,2023-04-27 11:43:00,6.72,0.68,0.22,0.31,0,84.9,329.08,,,1.21,中台
689,12M00000159733143,2023-04-27 12:43:00,5.65,0.83,0.22,0.21,0,60.59,320.36,,,1.26,中台
690,12M00000159733143,2023-04-27 13:43:00,11.8,0.62,0.23,0.28,0,79.27,225.76,,,1.13,中台
691,12M00000159733143,2023-04-27 14:43:00,5.48,0.52,0.22,0.22,0,71.67,294.74,,,0.96,中台
692,12M00000159733143,2023-04-27 15:43:00,10.13,0.83,0.21,0.15,0,57.88,271.74,,,1.19,中台
693,12M00000159733143,2023-04-27 16:43:00,8.7,0.52,0.29,0.23,0,56.17,230.9,,,1.04,中台
694,12M00000159733143,2023-04-27 17:43:00,14.04,0.71,0.24,0.21,0,52.1,251.15,,,1.16,中台
695,12M00000159733143,2023-04-27 18:43:00,10.66,0.99,0.09,0.31,0,85.86,271.16,,,1.39,中台
696,12M00000159733143,2023-04-27 19:43:00,10.58,0.78,0.08,0.2,0,86.73,346.92,,,1.06,中台
697,12M00000159733143,2023-04-27 20:43:00,12.2,0.71,0.28,0.4,0,50.46,257.7,,,1.39,中台
698,12M00000159733143,2023-04-27 21:43:00,14.95,0.86,0.3,0.25,0,76.47,275.85,,,1.41,中台
699,12M00000159733143,2023-04-27 22:43:00,14.47,0.22,0.24,0.25,0,88.79,309.87,,,0.71,中台
700,12M00000159733143,2023-04-27 23:43:00,11.4,0.92,0.25,0.4,0,53.13,233.67,,,1.57,中台
701,12M00000159733143,2023-04-28 00:43:00,8.66,0.88,0.24,0.38,0,68.8,217.38,,,1.5,中台
702,12M00000159733143,2023-04-28 01:43:00,7.07,0.56,0.26,0.16,0,64.51,203.63,,,0.98,中台
703,12M00000159733143,2023-04-28 02:43:00,7.44,0.69,0.15,0.12,0,82.84,277.05,,,0.96,中台
704,12M00000159733143,2023-04-28 03:43:00,10.23,0.39,0.22,0.11,0,58.5,271.39,,,0.72,中台
705,12M00000159733143,2023-04-28 04:43:00,8.34,0.34,0.12,0.25,0,59.72,201.8,,,0.71,中台
706,12M00000159733143,2023-04-28 05:43:00,11.48,0.11,0.25,0.22,0,74.82,251.55,,,0.58,中台
707,12M00000159733143,2023-04-28 06:43:00,12.11,0.51,0.12,0.33,0,51.41,234.96,,,0.96,中台
708,12M00000159733143,2023-04-28 07:43:00,7.68,0.52,0.11,0.35,0,50.05,276.79,,,0.98,中台
709,12M00000159733143,2023-04-28 08:43:00,11.19,0.4,0.19,0.37,0,79.84,258.47,,,0.96,中台
710,12M00000159733143,2023-04-28 09:43:00,13.36,0.81,0.21,0.32,0,82.03,202.48,,,1.34,中台
711,12M00000159733143,2023-04-28 10:43:00,8.46,0.61,0.08,0.13,0,55.72,292.98,,,0.82,中台
712,12M00000159733143,2023-04-28 11:43:00,5.85,0.21,0.14,0.39,0,87.17,234.26,,,0.74,中台
713,12M00000159733143,2023-04-28 12:43:00,8.45,0.9,0.23,0.36,0,55.92,211.16,,,1.49,中台
714,12M00000159733143,2023-04-28 13:43:00,9.86,0.54,0.12,0.25,0,82.73,330.59,,,0.91,中台
715,12M00000159733143,2023-04-28 14:43:00,7.47,0.11,0.29,0.24,0,50.71,231.63,,,0.64,中台
716,12M00000159733143,2023-04-28 15:43:00,14.54,0.37,0.05,0.1,0,60.81,228.58,,,0.52,中台
717,12M00000159733143,2023-04-28 16:43:00,5.24,0.89,0.24,0.14,0,70.2,303.23,,,1.27,中台
718,12M00000159733143,2023-04-28 17:43:00,9.49,0.76,0.23,0.17,0,54.36,221.89,,,1.16,中台
719,12M00000159733143,2023-04-28 18:43:00,10.62,0.15,0.29,0.26,0,64.39,245.86,,,0.7,中台
720,12M00000159733143,2023-04-28 19:43:00,5.14,0.56,0.1,0.25,0,57.41,290.35,,,0.91,中台
721,12M00000159733143,2023-04-28 20:43:00,9.3,0.69,0.21,0.28,0,58.55,330.97,,,1.18,中台
722,12M00000159733143,2023-04-28 21:43:00,9.18,0.22,0.2,0.23,0,70.91,309.06,,,0.65,中台
723,12M00000159733143,2023-04-28 22:43:00,5.85,0.71,0.19,0.3,0,88.06,278.18,,,1.2,中台
724,12M00000159733143,2023-04-28 23:43:00,11.76,0.25,0.12,0.27,0,61.6,297.91,,,0.64,中台
725,12M00000159733143,2023-04-29 00:43:00,9.36,0.31,0.12,0.16,0,58.94,301.82,,,0.59,中台
726,12M00000159733143,2023-04-29 01:43:00,5.82,0.29,0.25,0.17,0,83.01,291.83,,,0.71,中台
727,12M00000159733143,2023-04-29 02:43:00,10.42,0.19,0.22,0.21,0,83.17,309.71,,,0.62,中台
728,12M00000159733143,2023-04-29 03:43:00,13.42,0.59,0.21,0.13,0,84.73,257.8,,,0.93,中台
729,12M00000159733143,2023-04-29 04:43:00,12.34,0.32,0.18,0.23,0,80.64,275.9,,,0.73,中台
730,12M00000159733143,2023-04-29 05:43:00,13.1,0.94,0.1,0.19,0,63.97,301.77,,,1.23,中台
731,12M00000159733143,2023-04-29 06:43:00,13.77,0.8,0.12,0.19,0,87.97,210.69,,,1.11,中台
732,12M00000159733143,2023-04-29 07:43:00,5.75,0.74,0.23,0.28,0,65.98,213.42,,,1.25,中台
733,12M00000159733143,2023-04-29 08:43:00,6.67,0.15,0.16,0.26,0,64.71,278.09,,,0.57,中台
734,12M00000159733143,2023-04-29 09:43:00,11.67,0.21,0.15,0.21,0,71.27,321.75,,,0.57,中台
735,12M00000159733143,2023-04-29 10:43:00,9.54,0.65,0.26,0.22,0,52.18,243.99,,,1.13,中台
736,12M00000159733143,2023-04-29 11:43:00,8.03,0.44,0.09,0.34,0,69.01,347.21,,,0.87,中台
737,12M00000159733143,2023-04-29 12:43:00,5.62,0.8,0.08,0.37,0,55.74,301.53,,,1.25,中台
738,12M00000159733143,2023-04-29 13:43:00,14.93,0.87,0.27,0.19,0,78.85,204.96,,,1.33,中台
739,12M00000159733143,2023-04-29 14:43:00,11.79,0.86,0.19,0.4,0,72.31,215.7,,,1.45,中台
740,12M00000159733143,2023-04-29 15:43:00,10.85,0.3,0.08,0.31,0,88.86,297.21,,,0.69,中台
741,12M00000159733143,2023-04-29 16:43:00,13.03,0.67,0.12,0.23,0,76.23,333.74,,,1.02,中台
742,12M00000159733143,2023-04-29 17:43:00,5.04,0.13,0.1,0.38,0,86.69,240.11,,,0.61,中台
743,12M00000159733143,2023-04-29 18:43:00,8.27,0.73,0.19,0.28,0,86.87,319.46,,,1.2,中台
744,12M00000159733143,2023-04-29 19:43:00,12.52,0.43,0.17,0.16,0,59.66,293.77,,,0.76,中台
745,12M00000159733143,2023-04-29 20:43:00,13.58,0.47,0.17,0.11,0,77.05,287.81,,,0.75,中台
746,12M00000159733143,2023-04-29 21:43:00,12.03,0.9,0.08,0.22,0,58.84,349.87,,,1.2,中台
747,12M00000159733143,2023-04-29 22:43:00,11.17,0.52,0.14,0.32,0,50.68,212.54,,,0.98,中台
748,12M00000159733143,2023-04-29 23:43:00,14.13,0.39,0.17,0.22,0,65.01,221.98,,,0.78,中台
749,12M00000159733143,2023-04-30 00:43:00,8.33,0.28,0.12,0.28,0,51.52,312.7,,,0.68,中台
750,12M00000159733143,2023-04-30 01:43:00,12.2,0.5,0.2,0.36,0,79.26,315.41,,,1.06,中台
751,12M00000159733143,2023-04-30 02:43:00,11.49,0.48,0.13,0.28,0,52.71,329.01,,,0.89,中台
752,12M00000159733143,2023-04-30 03:43:00,6.95,0.39,0.12,0.34,0,75.66,322.27,,,0.85,中台
753,12M00000159733143,2023-04-30 04:43:00,10.69,0.49,0.11,0.15,0,86.14,236.1,,,0.75,中台
754,12M00000159733143,2023-04-30 05:43:00,12.03,0.55,0.13,0.31,0,70.75,276.6,,,0.99,中台
755,12M00000159733143,2023-04-30 06:43:00,10.87,0.91,0.12,0.14,0,63.24,242.14,,,1.17,中台
756,12M00000159733143,2023-04-30 07:43:00,11.16,0.62,0.13,0.19,0,77.12,306.21,,,0.94,中台
757,12M00000159733143,2023-04-30 08:43:00,11.03,0.45,0.12,0.15,0,86.63,200.09,,,0.72,中台
758,12M00000159733143,2023-04-30 09:43:00,14.67,0.2,0.14,0.29,0,63.63,212.67,,,0.63,中台
759,12M00000159733143,2023-04-30 10:43:00,6.0,0.36,0.11,0.19,0,69.97,346.5,,,0.66,中台
760,12M00000159733143,2023-04-30 11:43:00,13.73,0.59,0.13,0.28,0,51.96,340.56,,,1.0,中台
761,12M00000159733143,2023-04-30 12:43:00,12.04,0.65,0.24,0.13,0,88.95,313.55,,,1.02,中台
762,12M00000159733143,2023-04-30 13:43:00,11.96,0.74,0.09,0.21,0,69.54,218.07,,,1.04,中台
763,12M00000159733143,2023-04-30 14:43:00,14.82,0.44,0.06,0.2,0,62.97,263.77,,,0.7,中台
764,12M00000159733143,2023-04-30 15:43:00,13.32,0.93,0.17,0.25,0,78.1,305.06,,,1.35,中台
765,12M00000159733143,2023-04-30 16:43:00,9.98,0.15,0.23,0.3,0,85.84,274.77,,,0.68,中台
766,12M00000159733143,2023-04-30 17:43:00,13.05,0.85,0.12,0.26,0,85.54,256.75,,,1.23,中台
767,12M00000159733143,2023-04-30 18:43:00,5.02,0.3,0.24,0.22,0,56.28,265.97,,,0.76,中台
768,12M00000159733143,2023-04-30 19:43:00,10.29,0.82,0.17,0.35,0,62.39,330.99,,,1.34,中台
769,12M00000159733143,2023-04-30 20:43:00,10.64,0.11,0.1,0.13,0,76.61,290.2,,,0.34,中台
770,12M00000159733143,2023-04-30 21:43:00,11.71,0.72,0.12,0.31,0,59.77,234.42,,,1.15,中台
771,12M00000159733143,2023-04-30 22:43:00,12.54,0.65,0.2,0.24,0,83.61,236.68,,,1.09,中台
772,12M00000159733143,2023-04-30 23:43:00,8.53,0.83,0.19,0.17,0,63.76,296.24,,,1.19,中台
773,12M00000159733143,2023-05-01 00:43:00,11.24,0.16,0.11,0.15,0,66.48,218.49,,,0.42,中台
774,12M00000159733143,2023-05-01 01:43:00,5.46,0.98,0.09,0.13,0,76.03,262.11,,,1.2,中台
775,12M00000159733143,2023-05-01 02:43:00,8.82,0.67,0.1,0.2,0,72.17,261.29,,,0.97,中台
776,12M00000159733143,2023-05-01 03:43:00,14.06,0.12,0.27,0.39,0,55.39,268.61,,,0.78,中台
777,12M00000159733143,2023-05-01 04:43:00,12.07,0.99,0.13,0.28,0,81.72,255.18,,,1.4,中台
778,12M00000159733143,2023-05-01 05:43:00,9.38,0.16,0.24,0.23,0,51.85,265.32,,,0.63,中台
779,12M00000159733143,2023-05-01 06:43:00,6.75,0.66,0.26,0.1,0,85.19,314.98,,,1.02,中台
780,12M00000159733143,2023-05-01 07:43:00,5.11,0.73,0.06,0.36,0,88.62,326.21,,,1.15,中台
781,12M00000159733143,2023-05-01 08:43:00,13.24,0.71,0.17,0.39,0,80.46,330.12,,,1.27,中台
782,12M00000159733143,2023-05-01 09:43:00,13.27,0.23,0.27,0.29,0,84.53,211.41,,,0.79,中台
783,12M00000159733143,2023-05-01 10:43:00,5.23,0.76,0.14,0.15,0,62.39,266.61,,,1.05,中台
784,12M00000159733143,2023-05-01 11:43:00,11.54,0.18,0.1,0.12,0,86.91,306.67,,,0.4,中台
785,12M00000159733143,2023-05-01 12:43:00,11.6,0.87,0.21,0.15,0,54.33,229.13,,,1.23,中台
786,12M00000159733143,2023-05-01 13:43:00,13.21,0.73,0.27,0.17,0,71.51,278.18,,,1.17,中台
787,12M00000159733143,2023-05-01 14:43:00,8.66,0.41,0.15,0.23,0,63.71,221.6,,,0.79,中台
788,12M00000159733143,2023-05-01 15:43:00,13.41,0.5,0.12,0.2,0,74.38,257.26,,,0.82,中台
789,12M00000159733143,2023-05-01 16:43:00,5.32,0.41,0.06,0.12,0,64.67,284.49,,,0.59,中台
790,12M00000159733143,2023-05-01 17:43:00,13.25,0.65,0.27,0.36,0,55.68,272.28,,,1.28,中台
791,12M00000159733143,2023-05-01 18:43:00,6.18,0.27,0.05,0.37,0,76.41,244.94,,,0.69,中台
792,12M00000159733143,2023-05-01 19:43:00,11.62,0.6,0.16,0.37,0,87.43,278.51,,,1.13,中台
793,12M00000159733143,2023-05-01 20:43:00,10.85,0.44,0.12,0.23,0,59.68,296.0,,,0.79,中台
794,12M00000159733143,2023-05-01 21:43:00,5.19,0.52,0.22,0.11,0,54.38,308.96,,,0.85,中台
795,12M00000159733143,2023-05-01 22:43:00,5.51,0.82,0.16,0.4,0,82.43,339.23,,,1.38,中台
796,12M00000159733143,2023-05-01 23:43:00,11.01,0.82,0.3,0.38,0,80.4,313.5,,,1.5,中台
797,12M00000159733143,2023-05-02 00:43:00,8.13,0.82,0.25,0.21,0,72.78,310.25,,,1.28,中台
798,12M00000159733143,2023-05-02 01:43:00,9.11,0.84,0.13,0.33,0,56.92,336.25,,,1.3,中台
799,12M00000159733143,2023-05-02 02:43:00,11.77,0.39,0.23,0.36,0,68.26,300.15,,,0.98,中台
800,12M00000159733143,2023-05-02 03:43:00,10.62,0.21,0.24,0.35,0,62.85,241.56,,,0.8,中台
801,12M00000159733143,2023-05-02 04:43:00,12.63,0.92,0.28,0.13,0,67.25,327.67,,,1.33,中台
802,12M00000159733143,2023-05-02 05:43:00,7.12,0.47,0.07,0.29,0,84.29,328.01,,,0.83,中台
803,12M00000159733143,2023-05-02 06:43:00,10.4,0.65,0.2,0.32,0,61.97,346.8,,,1.17,中台
804,12M00000159733143,2023-05-02 07:43:00,12.35,0.84,0.07,0.16,0,67.19,264.05,,,1.07,中台
805,12M00000159733143,2023-05-02 08:43:00,12.87,0.4,0.3,0.17,0,60.89,206.61,,,0.87,中台
806,12M00000159733143,2023-05-02 09:43:00,8.54,0.62,0.24,0.1,0,59.81,280.19,,,0.96,中台
807,12M00000159733143,2023-05-02 10:43:00,8.44,0.4,0.18,0.22,0,79.64,343.35,,,0.8,中台
808,12M00000159733143,2023-05-02 11:43:00,12.68,0.57,0.17,0.12,0,62.46,248.45,,,0.86,中台
809,12M00000159733143,2023-05-02 12:43:00,12.53,0.31,0.08,0.3,0,55.43,250.79,,,0.69,中台
810,12M00000159733143,2023-05-02 13:43:00,5.17,0.52,0.16,0.29,0,83.03,222.48,,,0.97,中台
811,12M00000159733143,2023-05-02 14:43:00,10.79,0.35,0.25,0.15,0,86.63,254.0,,,0.75,中台
812,12M00000159733143,2023-05-02 15:43:00,10.04,0.41,0.11,0.19,0,60.06,327.42,,,0.71,中台
813,12M00000159733143,2023-05-02 16:43:00,13.14,0.81,0.28,0.17,0,73.41,232.59,,,1.26,中台
814,12M00000159733143,2023-05-02 17:43:00,8.25,0.53,0.25,0.11,0,52.29,276.81,,,0.89,中台
815,12M00000159733143,2023-05-02 18:43:00,12.3,0.87,0.2,0.19,0,78.06,320.84,,,1.26,中台
816,12M00000159733143,2023-05-02 19:43:00,6.68,0.6,0.28,0.28,0,77.59,334.51,,,1.16,中台
817,12M00000159733143,2023-05-02 20:43:00,6.18,0.18,0.29,0.28,0,83.57,204.18,,,0.75,中台
818,12M00000159733143,2023-05-02 21:43:00,13.45,0.92,0.07,0.13,0,66.87,347.23,,,1.12,中台
819,12M00000159733143,2023-05-02 22:43:00,10.85,0.36,0.26,0.4,0,50.47,285.71,,,1.02,中台
820,12M00000159733143,2023-05-02 23:43:00,7.09,0.65,0.25,0.13,0,86.26,287.49,,,1.03,中台
821,12M00000159733143,2023-05-03 00:43:00,6.16,0.4,0.18,0.3,0,75.52,259.94,,,0.88,中台
822,12M00000159733143,2023-05-03 01:43:00,10.75,0.39,0.13,0.3,0,87.6,312.12,,,0.82,中台
823,12M00000159733143,2023-05-03 02:43:00,14.56,0.89,0.18,0.13,0,54.03,338.72,,,1.2,中台
824,12M00000159733143,2023-05-03 03:43:00,11.87,0.84,0.18,0.16,0,74.62,292.25,,,1.18,中台
825,12M00000159733143,2023-05-03 04:43:00,14.06,0.59,0.24,0.14,0,78.45,346.93,,,0.97,中台
826,12M00000159733143,2023-05-03 05:43:00,10.72,0.9,0.08,0.1,0,84.52,215.73,,,1.08,中台
827,12M00000159733143,2023-05-03 06:43:00,6.81,0.65,0.18,0.12,0,66.72,313.64,,,0.95,中台
828,12M00000159733143,2023-05-03 07:43:00,5.7,0.3,0.25,0.21,0,65.33,305.67,,,0.76,中台
829,12M00000159733143,2023-05-03 08:43:00,5.69,0.12,0.2,0.19,0,59.14,286.67,,,0.51,中台
830,12M00000159733143,2023-05-03 09:43:00,8.29,0.97,0.2,0.16,0,86.72,215.05,,,1.33,中台
831,12M00000159733143,2023-05-03 10:43:00,5.81,0.12,0.24,0.2,0,59.19,300.66,,,0.56,中台
832,12M00000159733143,2023-05-03 11:43:00,8.68,0.45,0.09,0.16,0,57.39,268.27,,,0.7,中台
833,12M00000159733143,2023-05-03 12:43:00,7.23,0.74,0.2,0.16,0,74.68,346.69,,,1.1,中台
834,12M00000159733143,2023-05-03 13:43:00,6.86,0.58,0.12,0.28,0,62.04,324.22,,,0.98,中台
835,12M00000159733143,2023-05-03 14:43:00,9.87,0.12,0.13,0.19,0,54.08,327.16,,,0.44,中台
836,12M00000159733143,2023-05-03 15:43:00,14.27,0.54,0.29,0.25,0,87.21,262.92,,,1.08,中台
837,12M00000159733143,2023-05-03 16:43:00,12.79,0.31,0.27,0.32,0,63.32,321.72,,,0.9,中台
838,12M00000159733143,2023-05-03 17:43:00,14.31,0.79,0.19,0.15,0,53.17,201.84,,,1.13,中台
839,12M00000159733143,2023-05-03 18:43:00,9.87,0.87,0.21,0.38,0,66.95,200.25,,,1.46,中台
840,12M00000159733143,2023-05-03 19:43:00,7.39,0.97,0.13,0.24,0,77.25,214.84,,,1.34,中台
841,12M00000159733143,2023-05-03 20:43:00,7.13,0.47,0.19,0.26,0,80.34,306.89,,,0.92,中台
842,12M00000159733143,2023-05-03 21:43:00,8.47,0.9,0.22,0.28,0,66.25,312.32,,,1.4,中台
843,12M00000159733143,2023-05-03 22:43:00,5.98,0.14,0.08,0.33,0,52.21,346.7,,,0.55,中台
844,12M00000159733143,2023-05-03 23:43:00,9.77,0.69,0.08,0.24,0,75.64,223.04,,,1.01,中台
845,12M00000159733143,2023-05-04 00:43:00,11.49,0.6,0.21,0.39,0,71.51,309.56,,,1.2,中台
846,12M00000159733143,2023-05-04 01:43:00,13.28,0.98,0.12,0.23,0,51.06,326.46,,,1.33,中台
847,12M00000159733143,2023-05-04 02:43:00,5.47,0.12,0.16,0.1,0,77.55,215.06,,,0.38,中台
848,12M00000159733143,2023-05-04 03:43:00,10.7,0.85,0.24,0.21,0,78.79,334.67,,,1.3,中台
849,12M00000159733143,2023-05-04 04:43:00,11.27,0.2,0.19,0.14,0,50.99,279.68,,,0.53,中台
850,12M00000159733143,2023-05-04 05:43:00,5.83,0.81,0.16,0.32,0,82.41,249.66,,,1.29,中台
851,12M00000159733143,2023-05-04 06:43:00,7.5,0.8,0.18,0.36,0,76.84,303.54,,,1.34,中台
852,12M00000159733143,2023-05-04 07:43:00,14.96,0.13,0.21,0.19,0,77.9,287.14,,,0.53,中台
853,12M00000159733143,2023-05-04 08:43:00,13.86,0.12,0.06,0.35,0,54.39,265.43,,,0.53,中台
854,12M00000159733143,2023-05-04 09:43:00,5.72,0.28,0.13,0.24,0,76.15,308.0,,,0.65,中台
855,12M00000159733143,2023-05-04 10:43:00,5.47,0.63,0.19,0.37,0,81.14,208.45,,,1.19,中台
856,12M00000159733143,2023-05-04 11:43:00,7.72,0.45,0.14,0.26,0,71.94,319.63,,,0.85,中台
857,12M00000159733143,2023-05-04 12:43:00,10.65,0.79,0.16,0.35,0,62.77,307.08,,,1.3,中台
858,12M00000159733143,2023-05-04 13:43:00,14.87,0.95,0.25,0.34,0,58.91,230.4,,,1.54,中台
859,12M00000159733143,2023-05-04 14:43:00,7.4,0.68,0.29,0.17,0,79.97,235.88,,,1.14,中台
860,12M00000159733143,2023-05-04 15:43:00,8.64,0.16,0.14,0.16,0,53.02,230.42,,,0.46,中台
861,12M00000159733143,2023-05-04 16:43:00,9.36,0.41,0.06,0.17,0,68.89,287.02,,,0.64,中台
862,12M00000159733143,2023-05-04 17:43:00,9.02,0.87,0.23,0.25,0,68.94,309.08,,,1.35,中台
863,12M00000159733143,2023-05-04 18:43:00,11.75,0.42,0.15,0.3,0,51.26,318.41,,,0.87,中台
864,12M00000159733143,2023-05-04 19:43:00,10.04,0.59,0.11,0.37,0,79.4,314.59,,,1.07,中台
865,12M00000159733143,2023-05-04 20:43:00,10.61,0.7,0.24,0.11,0,79.77,213.91,,,1.05,中台
866,12M00000159733143,2023-05-04 21:43:00,5.36,0.53,0.07,0.13,0,84.6,285.94,,,0.73,中台
867,12M00000159733143,2023-05-04 22:43:00,11.15,0.1,0.27,0.34,0,85.5,271.52,,,0.71,中台
868,12M00000159733143,2023-05-04 23:43:00,7.84,1.0,0.14,0.16,0,54.06,234.56,,,1.3,中台
869,12M00000159733143,2023-05-05 00:43:00,8.52,0.92,0.27,0.13,0,75.59,232.87,,,1.32,中台
870,12M00000159733143,2023-05-05 01:43:00,14.61,0.43,0.13,0.3,0,70.56,322.0,,,0.86,中台
871,12M00000159733143,2023-05-05 02:43:00,5.71,0.94,0.29,0.34,0,54.2,285.97,,,1.57,中台
872,12M00000159733143,2023-05-05 03:43:00,11.47,0.16,0.11,0.18,0,75.71,233.27,,,0.45,中台
873,12M00000159733143,2023-05-05 04:43:00,6.54,0.51,0.18,0.31,0,84.95,335.22,,,1.0,中台
874,12M00000159733143,2023-05-05 05:43:00,8.79,0.43,0.3,0.28,0,68.8,279.42,,,1.01,中台
875,12M00000159733143,2023-05-05 06:43:00,12.46,0.72,0.24,0.33,0,73.51,345.52,,,1.29,中台
876,12M00000159733143,2023-05-05 07:43:00,11.08,0.89,0.09,0.3,0,77.01,257.61,,,1.28,中台
877,12M00000159733143,2023-05-05 08:43:00,10.46,0.53,0.11,0.35,0,56.48,262.71,,,0.99,中台
878,12M00000159733143,2023-05-05 09:43:00,14.01,0.26,0.17,0.14,0,74.72,319.78,,,0.57,中台
879,12M00000159733143,2023-05-05 10:43:00,12.18,0.65,0.07,0.18,0,64.77,251.34,,,0.9,中台
880,12M00000159733143,2023-05-05 11:43:00,6.46,0.11,0.23,0.17,0,85.03,306.83,,,0.51,中台
881,12M00000159733143,2023-05-05 12:43:00,14.9,0.62,0.14,0.34,0,89.19,231.04,,,1.1,中台
882,12M00000159733143,2023-05-05 13:43:00,11.78,0.1,0.28,0.17,0,59.06,294.73,,,0.55,中台
883,12M00000159733143,2023-05-05 14:43:00,5.24,0.57,0.11,0.16,0,62.05,306.76,,,0.84,中台
884,12M00000159733143,2023-05-05 15:43:00,10.31,0.56,0.12,0.13,0,83.63,339.79,,,0.81,中台
885,12M00000159733143,2023-05-05 16:43:00,8.61,0.54,0.11,0.3,0,90.0,241.36,,,0.95,中台
886,12M00000159733143,2023-05-05 17:43:00,7.97,0.66,0.22,0.37,0,76.54,348.11,,,1.25,中台
887,12M00000159733143,2023-05-05 18:43:00,9.23,0.82,0.16,0.2,0,75.39,291.13,,,1.18,中台
888,12M00000159733143,2023-05-05 19:43:00,13.78,0.74,0.07,0.34,0,61.2,240.63,,,1.15,中台
889,12M00000159733143,2023-05-05 20:43:00,12.69,0.3,0.25,0.27,0,73.56,263.71,,,0.82,中台
890,12M00000159733143,2023-05-05 21:43:00,6.11,0.98,0.11,0.18,0,73.16,227.88,,,1.27,中台
891,12M00000159733143,2023-05-05 22:43:00,7.13,0.82,0.17,0.31,0,71.0,326.35,,,1.3,中台
892,12M00000159733143,2023-05-05 23:43:00,11.09,0.36,0.18,0.13,0,60.48,259.65,,,0.67,中台
893,12M00000159733143,2023-05-06 00:43:00,12.28,0.79,0.24,0.18,0,87.08,331.61,,,1.21,中台
894,12M00000159733143,2023-05-06 01:43:00,5.58,0.46,0.18,0.2,0,56.65,322.67,,,0.84,中台
895,12M00000159733143,2023-05-06 02:43:00,14.83,0.23,0.08,0.11,0,65.0,333.95,,,0.42,中台
896,12M00000159733143,2023-05-06 03:43:00,13.49,0.36,0.08,0.39,0,87.06,331.06,,,0.83,中台
897,12M00000159733143,2023-05-06 04:43:00,7.84,0.89,0.2,0.13,0,80.44,213.6,,,1.22,中台
898,12M00000159733143,2023-05-06 05:43:00,13.88,0.15,0.17,0.37,0,79.51,235.39,,,0.69,中台
899,12M00000159733143,2023-05-06 06:43:00,13.55,0.11,0.22,0.14,0,75.7,285.12,,,0.47,中台
900,12M00000159733143,2023-05-06 07:43:00,10.33,0.59,0.06,0.11,0,69.01,340.41,,,0.76,中台
901,12M00000159733143,2023-05-06 08:43:00,11.78,0.9,0.07,0.13,0,63.4,299.37,,,1.1,中台
902,12M00000159733143,2023-05-06 09:43:00,13.55,0.49,0.24,0.21,0,68.62,324.95,,,0.94,中台
903,12M00000159733143,2023-05-06 10:43:00,13.7,0.49,0.17,0.34,0,62.0,263.93,,,1.0,中台
904,12M00000159733143,2023-05-06 11:43:00,12.38,0.35,0.15,0.1,0,50.89,329.11,,,0.6,中台
905,12M00000159733143,2023-05-06 12:43:00,7.12,0.27,0.21,0.35,0,76.81,239.54,,,0.83,中台
906,12M00000159733143,2023-05-06 13:43:00,9.3,0.24,0.12,0.21,0,81.91,345.43,,,0.57,中台
907,12M00000159733143,2023-05-06 14:43:00,13.89,0.17,0.07,0.4,0,59.85,290.66,,,0.64,中台
908,12M00000159733143,2023-05-06 15:43:00,11.47,0.63,0.24,0.36,0,70.53,259.42,,,1.23,中台
909,12M00000159733143,2023-05-06 16:43:00,10.68,0.28,0.11,0.12,0,55.42,344.76,,,0.51,中台
910,12M00000159733143,2023-05-06 17:43:00,12.44,0.86,0.16,0.19,0,62.06,252.31,,,1.21,中台
911,12M00000159733143,2023-05-06 18:43:00,11.96,0.89,0.14,0.14,0,76.94,268.79,,,1.17,中台
912,12M00000159733143,2023-05-06 19:43:00,6.29,0.55,0.12,0.2,0,89.64,246.07,,,0.87,中台
913,12M00000159733143,2023-05-06 20:43:00,11.24,0.36,0.22,0.25,0,86.16,326.93,,,0.83,中台
914,12M00000159733143,2023-05-06 21:43:00,12.54,0.15,0.06,0.32,0,61.56,303.77,,,0.53,中台
915,12M00000159733143,2023-05-06 22:43:00,10.02,0.74,0.24,0.23,0,53.53,324.98,,,1.21,中台
916,12M00000159733143,2023-05-06 23:43:00,9.16,0.74,0.24,0.3,0,80.57,338.66,,,1.28,中台
917,12M00000159733143,2023-05-07 00:43:00,10.75,0.46,0.13,0.24,0,77.99,234.66,,,0.83,中台
918,12M00000159733143,2023-05-07 01:43:00,12.25,0.23,0.26,0.25,0,87.44,316.27,,,0.74,中台
919,12M00000159733143,2023-05-07 02:43:00,12.53,0.47,0.06,0.26,0,65.46,320.12,,,0.79,中台
920,12M00000159733143,2023-05-07 03:43:00,11.75,0.7,0.13,0.1,0,76.97,341.92,,,0.93,中台
921,12M00000159733143,2023-05-07 04:43:00,7.7,0.61,0.21,0.28,0,81.9,267.3,,,1.1,中台
922,12M00000159733143,2023-05-07 05:43:00,13.23,0.77,0.16,0.13,0,59.67,203.36,,,1.06,中台
923,12M00000159733143,2023-05-07 06:43:00,13.21,0.84,0.12,0.37,0,61.9,294.73,,,1.33,中台
924,12M00000159733143,2023-05-07 07:43:00,7.66,0.38,0.2,0.27,0,54.03,230.18,,,0.85,中台
925,12M00000159733143,2023-05-07 08:43:00,10.06,0.77,0.22,0.18,0,56.81,347.73,,,1.17,中台
926,12M00000159733143,2023-05-07 09:43:00,5.87,0.97,0.06,0.35,0,71.77,236.93,,,1.38,中台
927,12M00000159733143,2023-05-07 10:43:00,6.73,0.31,0.13,0.23,0,69.97,324.12,,,0.67,中台
928,12M00000159733143,2023-05-07 11:43:00,7.31,0.58,0.21,0.11,0,51.56,299.61,,,0.9,中台
929,12M00000159733143,2023-05-07 12:43:00,9.61,0.78,0.24,0.27,0,70.55,235.19,,,1.29,中台
930,12M00000159733143,2023-05-07 13:43:00,14.22,0.54,0.06,0.36,0,67.03,324.59,,,0.96,中台
931,12M00000159733143,2023-05-07 14:43:00,9.41,0.98,0.2,0.23,0,82.96,314.77,,,1.41,中台
932,12M00000159733143,2023-05-07 15:43:00,8.02,0.76,0.16,0.37,0,55.02,276.43,,,1.29,中台
933,12M00000159733143,2023-05-07 16:43:00,11.08,0.48,0.06,0.36,0,52.13,314.2,,,0.9,中台
934,12M00000159733143,2023-05-07 17:43:00,11.49,0.36,0.11,0.28,0,82.04,258.87,,,0.75,中台
935,12M00000159733143,2023-05-07 18:43:00,6.96,0.85,0.07,0.35,0,62.09,279.13,,,1.27,中台
936,12M00000159733143,2023-05-07 19:43:00,6.19,0.64,0.26,0.22,0,67.97,223.96,,,1.12,中台
937,12M00000159733143,2023-05-07 20:43:00,8.71,0.62,0.18,0.21,0,80.6,328.7,,,1.01,中台
938,12M00000159733143,2023-05-07 21:43:00,5.27,0.55,0.21,0.39,0,78.28,200.23,,,1.15,中台
939,12M00000159733143,2023-05-07 22:43:00,5.43,0.48,0.13,0.14,0,66.71,234.62,,,0.75,中台
940,12M00000159733143,2023-05-07 23:43:00,14.28,0.91,0.18,0.35,0,85.23,232.89,,,1.44,中台
941,12M00000159733143,2023-05-08 00:43:00,13.5,0.17,0.19,0.34,0,86.19,269.72,,,0.7,中台
942,12M00000159733143,2023-05-08 01:43:00,13.15,0.96,0.12,0.31,0,78.61,206.22,,,1.39,中台
943,12M00000159733143,2023-05-08 02:43:00,5.42,0.44,0.18,0.17,0,51.98,294.17,,,0.79,中台
944,12M00000159733143,2023-05-08 03:43:00,13.11,0.86,0.06,0.36,0,73.88,282.04,,,1.28,中台
945,12M00000159733143,2023-05-08 04:43:00,7.37,0.75,0.11,0.19,0,57.51,268.7,,,1.05,中台
946,12M00000159733143,2023-05-08 05:43:00,13.8,0.99,0.05,0.33,0,54.42,208.18,,,1.37,中台
947,12M00000159733143,2023-05-08 06:43:00,10.15,0.48,0.24,0.39,0,64.4,215.14,,,1.11,中台
948,12M00000159733143,2023-05-08 07:43:00,12.1,0.2,0.24,0.21,0,56.28,315.88,,,0.65,中台
949,12M00000159733143,2023-05-08 08:43:00,10.03,0.6,0.2,0.39,0,74.65,288.48,,,1.19,中台
950,12M00000159733143,2023-05-08 09:43:00,10.85,0.7,0.27,0.15,0,76.99,289.38,,,1.12,中台
951,12M00000159733143,2023-05-08 10:43:00,5.79,0.61,0.11,0.35,0,71.29,269.02,,,1.07,中台
952,12M00000159733143,2023-05-08 11:43:00,13.25,0.87,0.15,0.36,0,56.95,267.39,,,1.38,中台
953,12M00000159733143,2023-05-08 12:43:00,5.26,0.76,0.24,0.23,0,75.83,210.76,,,1.23,中台
954,12M00000159733143,2023-05-08 13:43:00,5.4,0.79,0.08,0.32,0,70.1,342.89,,,1.19,中台
955,12M00000159733143,2023-05-08 14:43:00,14.54,0.85,0.28,0.3,0,69.89,274.26,,,1.43,中台
956,12M00000159733143,2023-05-08 15:43:00,5.17,0.11,0.05,0.19,0,52.44,310.04,,,0.35,中台
957,12M00000159733143,2023-05-08 16:43:00,6.17,0.97,0.3,0.33,0,57.62,215.35,,,1.6,中台
958,12M00000159733143,2023-05-08 17:43:00,10.85,0.7,0.09,0.18,0,77.41,318.4,,,0.97,中台
959,12M00000159733143,2023-05-08 18:43:00,7.84,0.19,0.2,0.16,0,65.1,261.2,,,0.55,中台
960,12M00000159733143,2023-05-08 19:43:00,12.52,0.49,0.27,0.13,0,56.69,281.59,,,0.89,中台
961,12M00000159733143,2023-05-08 20:43:00,13.54,0.52,0.19,0.22,0,55.39,315.27,,,0.93,中台
962,12M00000159733143,2023-05-08 21:43:00,6.66,0.64,0.21,0.23,0,50.88,319.04,,,1.08,中台
963,12M00000159733143,2023-05-08 22:43:00,14.51,0.72,0.26,0.1,0,64.99,267.14,,,1.08,中台
964,12M00000159733143,2023-05-08 23:43:00,12.87,0.42,0.13,0.4,0,89.6,333.9,,,0.95,中台
965,12M00000159733143,2023-05-09 00:43:00,5.09,0.2,0.16,0.31,0,86.73,262.87,,,0.67,中台
966,12M00000159733143,2023-05-09 01:43:00,12.34,0.2,0.15,0.21,0,52.72,256.54,,,0.56,中台
967,12M00000159733143,2023-05-09 02:43:00,6.58,0.42,0.16,0.13,0,55.93,255.87,,,0.71,中台
968,12M00000159733143,2023-05-09 03:43:00,8.53,0.97,0.07,0.22,0,64.04,227.95,,,1.26,中台
969,12M00000159733143,2023-05-09 04:43:00,14.53,0.26,0.25,0.24,0,55.37,325.73,,,0.75,中台
970,12M00000159733143,2023-05-09 05:43:00,8.43,0.79,0.2,0.18,0,86.7,287.53,,,1.17,中台
971,12M00000159733143,2023-05-09 06:43:00,6.16,0.95,0.07,0.21,0,74.22,267.67,,,1.23,中台
972,12M00000159733143,2023-05-09 07:43:00,13.59,0.9,0.2,0.27,0,67.66,260.45,,,1.37,中台
973,12M00000159733143,2023-05-09 08:43:00,7.98,0.32,0.18,0.23,0,62.57,263.84,,,0.73,中台
974,12M00000159733143,2023-05-09 09:43:00,12.11,0.91,0.15,0.37,0,87.58,218.19,,,1.43,中台
975,12M00000159733143,2023-05-09 10:43:00,12.11,0.78,0.24,0.14,0,85.74,313.23,,,1.16,中台
976,12M00000159733143,2023-05-09 11:43:00,12.8,0.32,0.05,0.21,0,63.37,213.46,,,0.58,中台
977,12M00000159733143,2023-05-09 12:43:00,14.18,0.43,0.22,0.3,0,64.46,246.93,,,0.95,中台
978,12M00000159733143,2023-05-09 13:43:00,12.83,0.9,0.23,0.33,0,53.2,216.81,,,1.46,中台
979,12M00000159733143,2023-05-09 14:43:00,5.43,0.62,0.08,0.16,0,58.58,233.13,,,0.86,中台
980,12M00000159733143,2023-05-09 15:43:00,14.18,0.66,0.1,0.25,0,50.04,263.66,,,1.01,中台
981,12M00000159733143,2023-05-09 16:43:00,8.55,0.26,0.26,0.35,0,71.83,222.82,,,0.87,中台
982,12M00000159733143,2023-05-09 17:43:00,11.83,0.81,0.11,0.29,0,82.47,324.04,,,1.21,中台
983,12M00000159733143,2023-05-09 18:43:00,6.07,0.41,0.05,0.17,0,68.64,339.9,,,0.63,中台
984,12M00000159733143,2023-05-09 19:43:00,8.77,0.45,0.15,0.25,0,71.22,280.99,,,0.85,中台
985,12M00000159733143,2023-05-09 20:43:00,10.94,0.61,0.16,0.13,0,51.39,222.02,,,0.9,中台
986,12M00000159733143,2023-05-09 21:43:00,12.19,0.14,0.23,0.37,0,50.49,305.0,,,0.74,中台
987,12M00000159733143,2023-05-09 22:43:00,9.83,0.86,0.14,0.4,0,86.16,322.28,,,1.4,中台
988,12M00000159733143,2023-05-09 23:43:00,12.09,0.81,0.29,0.25,0,54.09,224.22,,,1.35,中台
989,12M00000159733143,2023-05-10 00:43:00,6.82,0.28,0.25,0.17,0,57.66,258.22,,,0.7,中台
990,12M00000159733143,2023-05-10 01:43:00,11.7,0.29,0.23,0.3,0,82.71,330.46,,,0.82,中台
991,12M00000159733143,2023-05-10 02:43:00,7.17,0.4,0.06,0.11,0,61.3,311.66,,,0.57,中台
992,12M00000159733143,2023-05-10 03:43:00,5.93,0.34,0.19,0.1,0,72.81,333.79,,,0.63,中台
993,12M00000159733143,2023-05-10 04:43:00,8.7,0.62,0.29,0.2,0,64.4,318.72,,,1.11,中台
994,12M00000159733143,2023-05-10 05:43:00,5.32,0.21,0.28,0.19,0,53.5,326.15,,,0.68,中台
995,12M00000159733143,2023-05-10 06:43:00,12.65,0.41,0.11,0.13,0,51.59,339.47,,,0.65,中台
996,12M00000159733143,2023-05-10 07:43:00,12.93,0.33,0.17,0.17,0,62.97,330.53,,,0.67,中台
997,12M00000159733143,2023-05-10 08:43:00,11.05,0.16,0.2,0.38,0,85.52,322.8,,,0.74,中台
998,12M00000159733143,2023-05-10 09:43:00,11.8,0.87,0.24,0.39,0,68.5,316.74,,,1.5,中台
999,12M00000159733143,2023-05-10 10:43:00,6.92,0.84,0.06,0.17,0,79.93,238.83,,,1.07,中台
1000,12M00000159733143,2023-05-10 11:43:00,5.16,0.89,0.21,0.32,0,75.92,234.06,,,1.42,中台
1001,12M00000159733143,2023-05-10 12:43:00,8.44,0.81,0.09,0.16,0,61.88,342.8,,,1.06,中台
1002,12M00000159733143,2023-05-10 13:43:00,13.97,0.88,0.26,0.24,0,51.86,236.46,,,1.38,中台
1003,12M00000159733143,2023-05-10 14:43:00,6.97,0.79,0.14,0.35,0,87.31,314.16,,,1.28,中台
1004,12M00000159733143,2023-05-10 15:43:00,12.92,0.51,0.3,0.18,0,82.77,289.25,,,0.99,中台
1005,12M00000159733143,2023-05-10 16:43:00,13.75,0.17,0.28,0.37,0,88.01,346.56,,,0.82,中台
1006,12M00000159733143,2023-05-10 17:43:00,8.38,0.15,0.08,0.21,0,79.8,297.66,,,0.44,中台
1007,12M00000159733143,2023-05-10 18:43:00,12.92,0.22,0.06,0.29,0,56.32,211.18,,,0.57,中台
1008,12M00000159733143,2023-05-10 19:43:00,8.69,0.5,0.13,0.33,0,73.21,219.71,,,0.96,中台
1009,12M00000159733143,2023-05-10 20:43:00,11.48,0.99,0.19,0.26,0,70.42,330.84,,,1.44,中台
1010,12M00000159733143,2023-05-10 21:43:00,5.38,0.58,0.17,0.14,0,56.7,219.71,,,0.89,中台
1011,12M00000159733143,2023-05-10 22:43:00,9.02,0.81,0.09,0.36,0,59.42,281.07,,,1.26,中台
1012,12M00000159733143,2023-05-10 23:43:00,10.76,0.61,0.09,0.14,0,79.78,212.39,,,0.84,中台
1013,12M00000159733143,2023-05-11 00:43:00,14.9,0.93,0.18,0.26,0,67.98,229.11,,,1.37,中台
1014,12M00000159733143,2023-05-11 01:43:00,11.54,0.7,0.09,0.17,0,66.23,330.59,,,0.96,中台
1015,12M00000159733143,2023-05-11 02:43:00,11.89,0.58,0.07,0.19,0,76.1,297.06,,,0.84,中台
1016,12M00000159733143,2023-05-11 03:43:00,7.97,0.53,0.13,0.16,0,55.8,333.47,,,0.82,中台
1017,12M00000159733143,2023-05-11 04:43:00,6.01,0.54,0.23,0.14,0,89.52,312.77,,,0.91,中台
1018,12M00000159733143,2023-05-11 05:43:00,8.68,0.78,0.25,0.38,0,86.99,233.79,,,1.41,中台
1019,12M00000159733143,2023-05-11 06:43:00,7.99,0.61,0.23,0.34,0,87.64,284.12,,,1.18,中台
1020,12M00000159733143,2023-05-11 07:43:00,6.78,0.57,0.18,0.11,0,71.95,328.31,,,0.86,中台
1021,12M00000159733143,2023-05-11 08:43:00,12.39,0.83,0.16,0.35,0,83.66,271.49,,,1.34,中台
1022,12M00000159733143,2023-05-11 09:43:00,5.96,0.18,0.1,0.39,0,53.9,271.5,,,0.67,中台
1023,12M00000159733143,2023-05-11 10:43:00,10.86,0.38,0.1,0.13,0,52.85,205.49,,,0.61,中台
1024,12M00000159733143,2023-05-11 11:43:00,7.26,0.3,0.23,0.24,0,61.08,253.8,,,0.77,中台
1025,12M00000159733143,2023-05-11 12:43:00,9.52,0.64,0.11,0.31,0,54.19,234.69,,,1.06,中台
1026,12M00000159733143,2023-05-11 13:43:00,11.96,0.95,0.06,0.36,0,80.41,209.99,,,1.37,中台
1027,12M00000159733143,2023-05-11 14:43:00,8.94,0.83,0.18,0.38,0,84.02,320.75,,,1.39,中台
1028,12M00000159733143,2023-05-11 15:43:00,11.25,0.13,0.19,0.15,0,76.46,238.8,,,0.47,中台
1029,12M00000159733143,2023-05-11 16:43:00,10.43,0.68,0.11,0.24,0,85.73,285.78,,,1.03,中台
1030,12M00000159733143,2023-05-11 17:43:00,10.59,0.65,0.17,0.32,0,80.96,206.63,,,1.14,中台
1031,12M00000159733143,2023-05-11 18:43:00,9.84,0.32,0.21,0.12,0,50.79,213.84,,,0.65,中台
1032,12M00000159733143,2023-05-11 19:43:00,14.89,0.71,0.23,0.34,0,66.63,204.35,,,1.28,中台
1033,12M00000159733143,2023-05-11 20:43:00,9.27,0.24,0.06,0.1,0,89.71,321.8,,,0.4,中台
1034,12M00000159733143,2023-05-11 21:43:00,8.14,0.6,0.07,0.12,0,53.47,231.97,,,0.79,中台
1035,12M00000159733143,2023-05-11 22:43:00,13.51,0.58,0.08,0.38,0,83.48,211.81,,,1.04,中台
1036,12M00000159733143,2023-05-11 23:43:00,11.1,0.14,0.21,0.26,0,73.02,309.66,,,0.61,中台
1037,12M00000159733143,2023-05-12 00:43:00,10.89,0.47,0.16,0.2,0,54.82,238.5,,,0.83,中台
1038,12M00000159733143,2023-05-12 01:43:00,11.54,0.34,0.11,0.36,0,55.49,230.95,,,0.81,中台
1039,12M00000159733143,2023-05-12 02:43:00,7.16,0.78,0.22,0.3,0,66.07,264.63,,,1.3,中台
1040,12M00000159733143,2023-05-12 03:43:00,10.09,0.86,0.27,0.14,0,69.84,331.39,,,1.27,中台
1041,12M00000159733143,2023-05-12 04:43:00,7.6,0.43,0.12,0.24,0,67.29,335.75,,,0.79,中台
1042,12M00000159733143,2023-05-12 05:43:00,10.54,0.59,0.29,0.26,0,59.26,325.36,,,1.14,中台
1043,12M00000159733143,2023-05-12 06:43:00,6.69,0.65,0.21,0.3,0,58.01,220.67,,,1.16,中台
1044,12M00000159733143,2023-05-12 07:43:00,11.53,0.61,0.11,0.35,0,79.67,214.38,,,1.07,中台
1045,12M00000159733143,2023-05-12 08:43:00,7.29,0.58,0.11,0.17,0,78.03,312.49,,,0.86,中台
1046,12M00000159733143,2023-05-12 09:43:00,7.64,0.92,0.17,0.34,0,79.99,273.24,,,1.43,中台
1047,12M00000159733143,2023-05-12 10:43:00,8.44,0.45,0.28,0.23,0,75.25,218.59,,,0.96,中台
1048,12M00000159733143,2023-05-12 11:43:00,11.17,0.52,0.23,0.24,0,66.58,250.62,,,0.99,中台
1049,12M00000159733143,2023-05-12 12:43:00,12.88,0.67,0.06,0.16,0,86.88,317.02,,,0.89,中台
1050,12M00000159733143,2023-05-12 13:43:00,5.08,0.34,0.13,0.17,0,77.74,305.21,,,0.64,中台
1051,12M00000159733143,2023-05-12 14:43:00,5.05,0.51,0.06,0.33,0,51.08,262.31,,,0.9,中台
1052,12M00000159733143,2023-05-12 15:43:00,9.51,0.42,0.19,0.12,0,67.52,305.59,,,0.73,中台
1053,12M00000159733143,2023-05-12 16:43:00,7.41,0.39,0.29,0.4,0,67.36,336.52,,,1.08,中台
1054,12M00000159733143,2023-05-12 17:43:00,6.26,0.93,0.17,0.32,0,63.76,284.93,,,1.42,中台
1055,12M00000159733143,2023-05-12 18:43:00,7.4,0.35,0.09,0.3,0,70.34,218.55,,,0.74,中台
1056,12M00000159733143,2023-05-12 19:43:00,13.44,0.89,0.09,0.28,0,81.52,332.5,,,1.26,中台
1057,12M00000159733143,2023-05-12 20:43:00,5.83,0.35,0.25,0.24,0,60.07,251.12,,,0.84,中台
1058,12M00000159733143,2023-05-12 21:43:00,8.25,0.32,0.26,0.11,0,56.25,326.7,,,0.69,中台
1059,12M00000159733143,2023-05-12 22:43:00,14.03,0.11,0.28,0.26,0,71.89,316.26,,,0.65,中台
1060,12M00000159733143,2023-05-12 23:43:00,9.92,0.19,0.26,0.22,0,79.98,317.97,,,0.67,中台
1061,12M00000159733143,2023-05-13 00:43:00,10.48,0.26,0.11,0.33,0,58.07,285.41,,,0.7,中台
1062,12M00000159733143,2023-05-13 01:43:00,6.93,0.4,0.07,0.13,0,60.73,273.0,,,0.6,中台
1063,12M00000159733143,2023-05-13 02:43:00,14.14,0.64,0.1,0.28,0,81.05,255.2,,,1.02,中台
1064,12M00000159733143,2023-05-13 03:43:00,14.96,0.18,0.28,0.13,0,69.43,217.6,,,0.59,中台
1065,12M00000159733143,2023-05-13 04:43:00,10.33,0.18,0.22,0.17,0,62.64,278.73,,,0.57,中台
1066,12M00000159733143,2023-05-13 05:43:00,7.53,0.21,0.17,0.37,0,76.76,245.21,,,0.75,中台
1067,12M00000159733143,2023-05-13 06:43:00,6.35,0.75,0.26,0.24,0,60.46,200.14,,,1.25,中台
1068,12M00000159733143,2023-05-13 07:43:00,10.89,0.48,0.09,0.31,0,70.18,313.88,,,0.88,中台
1069,12M00000159733143,2023-05-13 08:43:00,11.28,0.48,0.29,0.29,0,71.54,323.19,,,1.06,中台
1070,12M00000159733143,2023-05-13 09:43:00,8.51,0.7,0.19,0.21,0,62.67,304.35,,,1.1,中台
1071,12M00000159733143,2023-05-13 10:43:00,5.67,0.77,0.2,0.27,0,55.26,281.4,,,1.24,中台
1072,12M00000159733143,2023-05-13 11:43:00,5.14,0.48,0.07,0.18,0,59.88,285.33,,,0.73,中台
1073,12M00000159733143,2023-05-13 12:43:00,7.76,0.13,0.1,0.27,0,73.94,201.68,,,0.5,中台
1074,12M00000159733143,2023-05-13 13:43:00,7.89,0.97,0.15,0.18,0,76.05,222.89,,,1.3,中台
1075,12M00000159733143,2023-05-13 14:43:00,6.8,0.19,0.27,0.34,0,52.95,339.66,,,0.8,中台
1076,12M00000159733143,2023-05-13 15:43:00,13.5,0.81,0.08,0.18,0,78.8,278.74,,,1.07,中台
1077,12M00000159733143,2023-05-13 16:43:00,9.78,0.92,0.21,0.35,0,79.04,212.78,,,1.48,中台
1078,12M00000159733143,2023-05-13 17:43:00,11.59,0.24,0.08,0.39,0,67.01,213.76,,,0.71,中台
1079,12M00000159733143,2023-05-13 18:43:00,8.11,0.13,0.11,0.25,0,64.84,254.83,,,0.49,中台
1080,12M00000159733143,2023-05-13 19:43:00,9.19,0.17,0.06,0.25,0,89.84,311.47,,,0.48,中台
1081,12M00000159733143,2023-05-13 20:43:00,5.85,0.5,0.13,0.36,0,62.92,212.47,,,0.99,中台
1082,12M00000159733143,2023-05-13 21:43:00,14.2,0.96,0.25,0.16,0,79.46,324.48,,,1.37,中台
1083,12M00000159733143,2023-05-13 22:43:00,8.92,0.84,0.09,0.2,0,65.56,347.65,,,1.13,中台
1084,12M00000159733143,2023-05-13 23:43:00,6.62,0.78,0.15,0.26,0,75.23,252.4,,,1.19,中台
1085,12M00000159733143,2023-05-14 00:43:00,10.77,0.48,0.09,0.15,0,87.25,235.34,,,0.72,中台
1086,12M00000159733143,2023-05-14 01:43:00,5.65,0.99,0.13,0.14,0,60.57,273.05,,,1.26,中台
1087,12M00000159733143,2023-05-14 02:43:00,7.47,0.83,0.25,0.27,0,74.67,260.71,,,1.35,中台
1088,12M00000159733143,2023-05-14 03:43:00,5.07,0.13,0.1,0.23,0,69.04,277.11,,,0.46,中台
1089,12M00000159733143,2023-05-14 04:43:00,13.72,0.84,0.18,0.28,0,73.97,274.74,,,1.3,中台
1090,12M00000159733143,2023-05-14 05:43:00,9.96,0.47,0.15,0.28,0,62.41,308.18,,,0.9,中台
1091,12M00000159733143,2023-05-14 06:43:00,6.8,0.21,0.23,0.29,0,51.36,345.01,,,0.73,中台
1092,12M00000159733143,2023-05-14 07:43:00,10.02,0.79,0.15,0.13,0,89.25,346.4,,,1.07,中台
1093,12M00000159733143,2023-05-14 08:43:00,5.91,0.73,0.18,0.39,0,57.86,313.04,,,1.3,中台
1094,12M00000159733143,2023-05-14 09:43:00,14.26,0.5,0.12,0.39,0,72.5,266.99,,,1.01,中台
1095,12M00000159733143,2023-05-14 10:43:00,11.05,0.45,0.19,0.15,0,67.42,321.66,,,0.79,中台
1096,12M00000159733143,2023-05-14 11:43:00,14.92,0.14,0.3,0.27,0,60.21,287.29,,,0.71,中台
1097,12M00000159733143,2023-05-14 12:43:00,9.81,0.86,0.15,0.28,0,60.46,242.75,,,1.29,中台
1098,12M00000159733143,2023-05-14 13:43:00,8.42,0.59,0.24,0.2,0,89.56,210.86,,,1.03,中台
1099,12M00000159733143,2023-05-14 14:43:00,14.38,0.69,0.27,0.12,0,86.09,291.97,,,1.08,中台
1100,12M00000159733143,2023-05-14 15:43:00,10.6,0.14,0.09,0.23,0,51.2,317.11,,,0.46,中台
1101,12M00000159733143,2023-05-14 16:43:00,12.55,0.8,0.28,0.31,0,63.52,232.22,,,1.39,中台
1102,12M00000159733143,2023-05-14 17:43:00,5.43,0.61,0.21,0.18,0,72.19,284.35,,,1.0,中台
1103,12M00000159733143,2023-05-14 18:43:00,11.69,0.2,0.11,0.14,0,63.83,254.03,,,0.45,中台
1104,12M00000159733143,2023-05-14 19:43:00,5.12,0.3,0.18,0.35,0,77.82,316.51,,,0.83,中台
1105,12M00000159733143,2023-05-14 20:43:00,14.86,0.2,0.23,0.14,0,61.78,234.83,,,0.57,中台
1106,12M00000159733143,2023-05-14 21:43:00,8.86,0.89,0.09,0.23,0,65.77,264.13,,,1.21,中台
1107,12M00000159733143,2023-05-14 22:43:00,13.14,0.48,0.13,0.18,0,78.66,224.5,,,0.79,中台
1108,12M00000159733143,2023-05-14 23:43:00,13.0,0.54,0.09,0.22,0,74.41,218.55,,,0.85,中台
