序号,设备编号,设备名称,相别,数据时间（格式为yyyy-MM-dd hh:mm:ss）,油温1,油温2,绕组温度,分接头位置,有功值,无功值,电流值,A相电流幅值,B相电流幅值,C相电流幅值,数据来源
id,equip_no,equip_name,phase_name,date_time,oil_temp1,oil_temp2,temp,tap_high,p_high,q_high,i_high,i_a_value_high,i_b_value_high,i_c_value_high,source
108,12M00000044543998,,A,25/05/2024 0:50,43.777,35.67,42.72,3,298.141,18.64,319.675,314.884,,,集控
109,12M00000044543998,,B,25/05/2024 0:51,39.034,38.4,45.74,3,241.472,19.208,309.506,,,,集控
110,12M00000044543998,,C,25/05/2024 0:52,44.744,44.53,45.66,3,239.276,17.962,317.277,,,,集控
111,12M00000044543998,,A,25/05/2024 0:53,36.253,35.38,48.17,3,211.197,23.774,301.475,302.264,,,集控
112,12M00000044543998,,B,25/05/2024 0:54,38.421,44.99,49.52,3,292.034,10.88,318.506,,,,集控
113,12M00000044543998,,C,25/05/2024 0:55,41.151,37.74,42.73,3,247.352,25.393,319.322,,,,集控
114,12M00000044543998,,A,25/05/2024 0:56,38.113,40.72,42.98,3,296.221,21.853,317.168,305.405,,,集控
115,12M00000044543998,,B,25/05/2024 0:57,40.496,38.29,46.98,3,284.356,14.415,303.428,,,,集控
116,12M00000044543998,,C,25/05/2024 0:58,42.494,38.01,43.49,3,289.389,14.36,301.187,,,,集控
117,12M00000044543998,,A,25/05/2024 0:59,44.813,35.4,40.85,3,231.205,23.46,316.059,302.558,,,集控
118,12M00000044543998,,B,25/05/2024 1:00,37.327,38.79,41.98,3,282.071,24.026,312.079,,,,集控
119,12M00000044543998,,C,25/05/2024 1:01,43.657,37.84,43.57,3,224.407,11.315,313.391,,,,集控
120,12M00000044543998,,A,25/05/2024 1:02,41.841,41.31,41.24,3,251.135,25.419,308.103,301.464,,,集控
121,12M00000044543998,,B,25/05/2024 1:03,42.105,35.09,43.76,3,272.555,23.247,313.142,,,,集控
122,12M00000044543998,,C,25/05/2024 1:04,43.794,36.17,43.97,3,267.695,24.109,315.526,,,,集控
123,12M00000044543998,,A,25/05/2024 1:05,38.552,35.92,44.4,3,247.045,27.663,316.413,318.921,,,集控
124,12M00000044543998,,B,25/05/2024 1:06,39.547,43.16,44.31,3,299.571,13.502,309.629,,,,集控
125,12M00000044543998,,C,25/05/2024 1:07,43.368,36.23,46.15,3,232.156,29.566,300.99,,,,集控
126,12M00000044543998,,A,25/05/2024 1:08,44.52,41.44,49.2,3,210.704,25.885,311.901,304.646,,,集控
127,12M00000044543998,,B,25/05/2024 1:09,44.339,37.64,43.96,3,268.783,25.938,318.933,,,,集控
128,12M00000044543998,,C,25/05/2024 1:10,44.395,37.86,41.82,3,225.193,26.936,309.022,,,,集控
129,12M00000044543998,,A,25/05/2024 1:11,42.483,40.55,42.85,3,288.056,16.564,315.267,319.384,,,集控
130,12M00000044543998,,B,25/05/2024 1:12,37.031,36.38,46.59,3,272.98,24.975,312.155,,,,集控
131,12M00000044543998,,C,25/05/2024 1:13,44.205,42.55,40.96,3,200.279,13.763,314.831,,,,集控
132,12M00000044543998,,A,25/05/2024 1:14,36.637,39.54,41.09,3,232.3,18.676,306.554,307.022,,,集控
133,12M00000044543998,,B,25/05/2024 1:15,37.952,40.12,49.25,3,292.323,20.415,319.274,,,,集控
134,12M00000044543998,,C,25/05/2024 1:16,38.716,42.89,49.37,3,252.166,24.423,312.036,,,,集控
135,12M00000044543998,,A,25/05/2024 1:17,42.464,44.49,49.49,3,202.103,14.874,300.674,318.487,,,集控
136,12M00000044543998,,B,25/05/2024 1:18,44.291,40,44.34,3,211.734,18.929,311.332,,,,集控
137,12M00000044543998,,C,25/05/2024 1:19,40.929,43.4,42.23,3,234.18,21.077,313.919,,,,集控
138,12M00000044543998,,A,25/05/2024 1:20,37.776,41.54,44.87,3,278.671,15.863,307.051,319.926,,,集控
139,12M00000044543998,,B,25/05/2024 1:21,39.084,39.23,42.36,3,253.038,16.673,317.992,,,,集控
140,12M00000044543998,,C,25/05/2024 1:22,44.739,39.31,44.49,3,262.531,12.905,303.597,,,,集控
141,12M00000044543998,,A,25/05/2024 1:23,44.196,40.9,42.05,3,267.254,24.285,308.504,315.803,,,集控
142,12M00000044543998,,B,25/05/2024 1:24,35.634,40.62,45.31,3,256.148,21.934,308.343,,,,集控
143,12M00000044543998,,C,25/05/2024 1:25,44.483,44.63,45.05,3,250.733,20.809,313.257,,,,集控
144,12M00000044543998,,A,25/05/2024 1:26,36.1,41.94,43.92,3,299,12.916,303.2,307.903,,,集控
145,12M00000044543998,,B,25/05/2024 1:27,44.08,36.96,43.78,3,277.81,13.869,318.413,,,,集控
146,12M00000044543998,,C,25/05/2024 1:28,40.508,40.95,41.8,3,224.092,13.933,304.973,,,,集控
147,12M00000044543998,,A,25/05/2024 1:29,43.155,37.24,46.03,3,232.4,16.216,304.888,312.925,,,集控
148,12M00000044543998,,B,25/05/2024 1:30,44.692,39.49,46.54,3,250.346,12.191,306.207,,,,集控
149,12M00000044543998,,C,25/05/2024 1:31,38.206,44.67,46.77,3,258.042,20.152,306.032,,,,集控
150,12M00000044543998,,A,25/05/2024 1:32,39.119,41.5,41.75,3,260.608,18.253,318.787,304.891,,,集控
151,12M00000044543998,,B,25/05/2024 1:33,39.098,36.72,46.56,3,228.19,13.304,308.823,,,,集控
152,12M00000044543998,,C,25/05/2024 1:34,38.28,37.07,44.73,3,221.784,25.63,319.327,,,,集控
153,12M00000044543998,,A,25/05/2024 1:35,41.736,35.54,40.53,3,261.343,21.991,307.247,316.22,,,集控
154,12M00000044543998,,B,25/05/2024 1:36,37.135,43.67,40.66,3,230.179,20.286,308.779,,,,集控
155,12M00000044543998,,C,25/05/2024 1:37,36.094,36.03,48.12,3,245.921,11.55,302.911,,,,集控
156,12M00000044543998,,A,25/05/2024 1:38,43.785,37.53,45.49,3,299.217,11.778,315.309,310.671,,,集控
157,12M00000044543998,,B,25/05/2024 1:39,36.119,36.82,45.48,3,205.083,24.782,318.674,,,,集控
158,12M00000044543998,,C,25/05/2024 1:40,43.876,40.22,40.07,3,235.411,23.466,312.821,,,,集控
159,12M00000044543998,,A,25/05/2024 1:41,39.452,37.36,42.29,3,200.47,14.42,303.125,312.255,,,集控
160,12M00000044543998,,B,25/05/2024 1:42,40.494,41.25,47.71,3,257.242,11.887,307.884,,,,集控
161,12M00000044543998,,C,25/05/2024 1:43,44.752,40.59,45.75,3,260.165,14.883,313.677,,,,集控
162,12M00000044543998,,A,25/05/2024 1:44,44.762,36.45,49.42,3,278.053,17.327,317.762,319.572,,,集控
163,12M00000044543998,,B,25/05/2024 1:45,37.306,37.75,47.26,3,269.13,22.682,318.214,,,,集控
164,12M00000044543998,,C,25/05/2024 1:46,40.007,37.45,40.95,3,296.078,17.888,315.029,,,,集控
165,12M00000044543998,,A,25/05/2024 1:47,41.866,44.49,44.17,3,226.576,20.832,306.488,316.928,,,集控
166,12M00000044543998,,B,25/05/2024 1:48,41.009,41.99,43.83,3,252.081,10.222,308.656,,,,集控
167,12M00000044543998,,C,25/05/2024 1:49,39.004,43.77,43.27,3,294.754,13.43,303.348,,,,集控
168,12M00000044543998,,A,25/05/2024 1:50,39.181,39.43,40.91,3,262.565,23.493,301.898,319.565,,,集控
169,12M00000044543998,,B,25/05/2024 1:51,38.543,39.61,45.29,3,201.144,27.37,304.377,,,,集控
170,12M00000044543998,,C,25/05/2024 1:52,40.087,35.68,42.99,3,250.392,21.904,301.316,,,,集控
171,12M00000044543998,,A,25/05/2024 1:53,42.588,36.79,41.51,3,251.714,26.035,301.943,306.405,,,集控
172,12M00000044543998,,B,25/05/2024 1:54,44.273,42.68,44.65,3,262.72,24.427,302.653,,,,集控
173,12M00000044543998,,C,25/05/2024 1:55,36.735,38.17,42.76,3,227.106,19.822,319.497,,,,集控
174,12M00000044543998,,A,25/05/2024 1:56,37.699,40.62,42.9,3,251.041,12.011,310.65,319.385,,,集控
175,12M00000044543998,,B,25/05/2024 1:57,41.665,41.09,47.03,3,272.902,17.359,306.997,,,,集控
176,12M00000044543998,,C,25/05/2024 1:58,41.678,36.21,41.59,3,236.01,15.912,310.031,,,,集控
177,12M00000044543998,,A,25/05/2024 1:59,36.361,41.13,45.25,3,224.638,13.786,317.103,313.959,,,集控
178,12M00000044543998,,B,25/05/2024 2:00,35.967,37.37,40.62,3,243.226,29.302,312.384,,,,集控
179,12M00000044543998,,C,25/05/2024 2:01,41.097,39.96,48.86,3,208.025,27.631,318.459,,,,集控
180,12M00000044543998,,A,25/05/2024 2:02,42.329,40.87,45.45,3,202.666,16.617,313.334,304.534,,,集控
181,12M00000044543998,,B,25/05/2024 2:03,35.411,36.95,47.47,3,251.673,13.511,311.696,,,,集控
182,12M00000044543998,,C,25/05/2024 2:04,41.537,40.85,40.39,3,223.443,24.639,313.76,,,,集控
183,12M00000044543998,,A,25/05/2024 2:05,35.701,36.85,48.45,3,250.647,12.721,303.49,303.42,,,集控
184,12M00000044543998,,B,25/05/2024 2:06,38.05,37.72,46.95,3,268.151,22.342,302.663,,,,集控
185,12M00000044543998,,C,25/05/2024 2:07,43.603,43.98,47.89,3,288.882,23.188,310.016,,,,集控
186,12M00000044543998,,A,25/05/2024 2:08,42.029,36.75,47.97,3,258.169,11.718,301.116,312.24,,,集控
187,12M00000044543998,,B,25/05/2024 2:09,43.285,39,41.64,3,201.057,23.44,309.209,,,,集控
188,12M00000044543998,,C,25/05/2024 2:10,43.141,38.07,47.39,3,242.099,21.666,303.26,,,,集控
189,12M00000044543998,,A,25/05/2024 2:11,37.927,42.19,42.85,3,270.222,10.361,317.837,303.832,,,集控
190,12M00000044543998,,B,25/05/2024 2:12,36.534,41.88,40.97,3,277.262,23.443,302.9,,,,集控
191,12M00000044543998,,C,25/05/2024 2:13,42.431,41.47,41.89,3,247.689,23.752,316.148,,,,集控
192,12M00000044543998,,A,25/05/2024 2:14,40.52,44.01,45.08,3,252.342,15.377,318.86,303.48,,,集控
193,12M00000044543998,,B,25/05/2024 2:15,38.703,39.77,40.06,3,261.221,21.729,314.211,,,,集控
194,12M00000044543998,,C,25/05/2024 2:16,43.652,35.91,45.55,3,286.992,17.6,312.801,,,,集控
195,12M00000044543998,,A,25/05/2024 2:17,43.034,44.38,44.57,3,280.445,12.349,306.405,304.209,,,集控
196,12M00000044543998,,B,25/05/2024 2:18,38.773,40.69,40.63,3,203.638,19.474,317.081,,,,集控
197,12M00000044543998,,C,25/05/2024 2:19,41.055,41.23,47.34,3,279.705,18.019,317.714,,,,集控
198,12M00000044543998,,A,25/05/2024 2:20,40.673,38.61,40.55,3,254.718,18.307,307.43,301.224,,,集控
199,12M00000044543998,,B,25/05/2024 2:21,38.928,42.84,43.3,3,209.657,27.389,303.232,,,,集控
200,12M00000044543998,,C,25/05/2024 2:22,36.804,42.27,48.79,3,247.756,11.571,300.349,,,,集控
201,12M00000044543998,,A,25/05/2024 2:23,40.537,37.01,40.15,3,235.462,19.487,308.305,314.158,,,集控
202,12M00000044543998,,B,25/05/2024 2:24,35.402,38.87,47.89,3,279.356,11.95,305.875,,,,集控
203,12M00000044543998,,C,25/05/2024 2:25,35.472,43.78,45.67,3,271.208,13.934,303.766,,,,集控
204,12M00000044543998,,A,25/05/2024 2:26,37.1,35.72,49.18,3,248.202,29.984,314.371,313.26,,,集控
205,12M00000044543998,,B,25/05/2024 2:27,36.04,40.68,44.61,3,241.793,10.394,304.033,,,,集控
206,12M00000044543998,,C,25/05/2024 2:28,36.059,37.74,43.84,3,241.838,19.551,314.495,,,,集控
207,12M00000044543998,,A,25/05/2024 2:29,40.085,36.53,44.98,3,260.239,26.821,318.685,309.094,,,集控
208,12M00000044543998,,B,25/05/2024 2:30,36.748,37.81,42.43,3,237.855,25.176,306.209,,,,集控
209,12M00000044543998,,C,25/05/2024 2:31,36.327,35.48,45.62,3,215.764,15.464,307.335,,,,集控
210,12M00000044543998,,A,25/05/2024 2:32,36.593,35.76,42.61,3,295.368,18.893,315.827,307.188,,,集控
211,12M00000044543998,,B,25/05/2024 2:33,39.988,36.79,40.96,3,211.956,22.547,319.435,,,,集控
212,12M00000044543998,,C,25/05/2024 2:34,39.086,39.2,44.27,3,225.439,10.828,310.186,,,,集控
213,12M00000044543998,,A,25/05/2024 2:35,43.585,36.78,40.13,3,273.687,16.842,309.334,300.744,,,集控
214,12M00000044543998,,B,25/05/2024 2:36,43.073,41.6,48.69,3,292.698,19.138,309.672,,,,集控
215,12M00000044543998,,C,25/05/2024 2:37,43.088,43.75,42.56,3,283.165,22.623,315.83,,,,集控
216,12M00000044543998,,A,25/05/2024 2:38,37.24,35.78,45.43,3,286.511,18.571,312.41,300.863,,,集控
217,12M00000044543998,,B,25/05/2024 2:39,36.837,35.48,44.75,3,267.412,28.663,312.3,,,,集控
218,12M00000044543998,,C,25/05/2024 2:40,42.862,35.62,46.72,3,296.91,28.225,317.385,,,,集控
219,12M00000044543998,,A,25/05/2024 2:41,38.278,43.39,43.46,3,224.591,24.513,311.998,304.316,,,集控
220,12M00000044543998,,B,25/05/2024 2:42,38.885,35.38,44.55,3,230.015,26.595,301.098,,,,集控
221,12M00000044543998,,C,25/05/2024 2:43,37.157,38.25,49.92,3,203.239,19.066,303.79,,,,集控
222,12M00000044543998,,A,25/05/2024 2:44,42.27,36.19,42.99,3,254.248,10.957,305.06,311.179,,,集控
223,12M00000044543998,,B,25/05/2024 2:45,36.568,37.1,44.66,3,228.925,27.406,316.401,,,,集控
224,12M00000044543998,,C,25/05/2024 2:46,42.573,44.73,47.33,3,282.478,27.879,306.781,,,,集控
225,12M00000044543998,,A,25/05/2024 2:47,39.433,37.85,43.15,3,218.753,17.839,314.766,302.9,,,集控
226,12M00000044543998,,B,25/05/2024 2:48,44.74,43.19,41.18,3,234.2,17.572,318.638,,,,集控
227,12M00000044543998,,C,25/05/2024 2:49,41.166,41.11,43.76,3,205.105,13.307,305.078,,,,集控
228,12M00000044543998,,A,25/05/2024 2:50,44.482,38.82,46.3,3,265.336,11.167,313.211,306.023,,,集控
229,12M00000044543998,,B,25/05/2024 2:51,41.061,38.96,42.76,3,238.007,18.435,319.469,,,,集控
230,12M00000044543998,,C,25/05/2024 2:52,38.149,36.01,40.65,3,220.264,24.305,305.99,,,,集控
231,12M00000044543998,,A,25/05/2024 2:53,36.756,35.94,40.64,3,238.442,14.573,319.539,315.208,,,集控
232,12M00000044543998,,B,25/05/2024 2:54,40.33,42.02,45.21,3,247.914,25.976,316.269,,,,集控
233,12M00000044543998,,C,25/05/2024 2:55,36.11,44.47,40.7,3,284.274,10.569,301.646,,,,集控
234,12M00000044543998,,A,25/05/2024 2:56,38.591,39.18,47.62,3,239.061,13.838,306.91,314.832,,,集控
235,12M00000044543998,,B,25/05/2024 2:57,37.813,36.44,49.32,3,250.309,16.591,301.384,,,,集控
236,12M00000044543998,,C,25/05/2024 2:58,35.242,39.82,40.73,3,206.148,21.025,303.532,,,,集控
237,12M00000044543998,,A,25/05/2024 2:59,44.685,44.6,46.52,3,294.416,23.348,307.185,307.653,,,集控
238,12M00000044543998,,B,25/05/2024 3:00,41.278,39.81,42.05,3,272.62,20.574,315.675,,,,集控
239,12M00000044543998,,C,25/05/2024 3:01,39.373,36.9,42.02,3,299.142,18.93,307.703,,,,集控
240,12M00000044543998,,A,25/05/2024 3:02,35.723,37.92,41.26,3,281.733,11.297,316.524,301.142,,,集控
241,12M00000044543998,,B,25/05/2024 3:03,37.207,35.03,48.17,3,222.143,10.588,316.387,,,,集控
242,12M00000044543998,,C,25/05/2024 3:04,35.831,39.47,42.12,3,281.316,13.097,314.662,,,,集控
243,12M00000044543998,,A,25/05/2024 3:05,44.452,36.58,44.62,3,288.369,14.783,312.415,307.937,,,集控
244,12M00000044543998,,B,25/05/2024 3:06,42.452,38.19,42.2,3,293.887,17.414,312.087,,,,集控
245,12M00000044543998,,C,25/05/2024 3:07,43.315,36.47,41.32,3,222.295,14.561,319.378,,,,集控
246,12M00000044543998,,A,25/05/2024 3:08,39.354,36,44.98,3,263.495,18.158,303.697,318.822,,,集控
247,12M00000044543998,,B,25/05/2024 3:09,44.49,40.94,49.31,3,270.518,24.656,302.06,,,,集控
248,12M00000044543998,,C,25/05/2024 3:10,41.357,44.18,49.61,3,293.121,21.234,318.547,,,,集控
249,12M00000044543998,,A,25/05/2024 3:11,37.724,35.83,45.51,3,298.077,14.636,303.116,305.477,,,集控
250,12M00000044543998,,B,25/05/2024 3:12,36.631,41.55,40.1,3,289.855,11.011,308.048,,,,集控
251,12M00000044543998,,C,25/05/2024 3:13,37.04,43.36,43.36,3,221.856,28.985,308.163,,,,集控
252,12M00000044543998,,A,25/05/2024 3:14,39.843,35.27,45.62,3,271.521,22.118,313.616,305.911,,,集控
253,12M00000044543998,,B,25/05/2024 3:15,41.79,43.04,48.01,3,223.452,24.365,311.428,,,,集控
254,12M00000044543998,,C,25/05/2024 3:16,41.666,37.59,48.65,3,208.962,25.544,311.163,,,,集控
255,12M00000044543998,,A,25/05/2024 3:17,36.304,35.26,40.89,3,286.574,21.897,315.852,306.718,,,集控
256,12M00000044543998,,B,25/05/2024 3:18,44.633,42.21,43.88,3,239.815,17.867,305.397,,,,集控
257,12M00000044543998,,C,25/05/2024 3:19,37.889,38.79,45.07,3,256.343,27.104,302.639,,,,集控
258,12M00000044543998,,A,25/05/2024 3:20,37.96,40.21,48.84,3,261.589,26.082,304.104,300.834,,,集控
259,12M00000044543998,,B,25/05/2024 3:21,44.06,39.44,47.55,3,218.326,13.058,307.536,,,,集控
260,12M00000044543998,,C,25/05/2024 3:22,44.883,39.29,46.78,3,231.947,29.313,317.577,,,,集控
261,12M00000044543998,,A,25/05/2024 3:23,40.98,41.48,40.28,3,268.065,22.336,314.279,312.594,,,集控
262,12M00000044543998,,B,25/05/2024 3:24,39.915,39.4,41.51,3,295.779,21.894,305.605,,,,集控
263,12M00000044543998,,C,25/05/2024 3:25,36.151,39.82,42.23,3,220.693,25.568,302.79,,,,集控
264,12M00000044543998,,A,25/05/2024 3:26,40.492,43.9,47.12,3,283.522,22.474,300.952,303.056,,,集控
265,12M00000044543998,,B,25/05/2024 3:27,39.58,41.41,46.68,3,294.615,18.515,305.073,,,,集控
266,12M00000044543998,,C,25/05/2024 3:28,36.558,38.2,47.85,3,248.219,24.903,306.423,,,,集控
267,12M00000044543998,,A,25/05/2024 3:29,44.344,40.28,41.94,3,291.33,26.173,308.554,319.259,,,集控
268,12M00000044543998,,B,25/05/2024 3:30,39.678,40.07,49.21,3,291.4,18.506,308.333,,,,集控
269,12M00000044543998,,C,25/05/2024 3:31,41.274,39.2,40.39,3,294.429,14.192,313.068,,,,集控
270,12M00000044543998,,A,25/05/2024 3:32,42.216,42.47,46.22,3,258.438,18.76,309.526,318.524,,,集控
271,12M00000044543998,,B,25/05/2024 3:33,37.396,38.49,47.14,3,251.395,19.79,310.584,,,,集控
272,12M00000044543998,,C,25/05/2024 3:34,43.451,39.45,42.25,3,205.95,11.339,317.055,,,,集控
273,12M00000044543998,,A,25/05/2024 3:35,44.096,41.71,40.77,3,274.046,11.262,306.122,319.597,,,集控
274,12M00000044543998,,B,25/05/2024 3:36,37.93,42.85,42.48,3,237.789,27.06,314.599,,,,集控
275,12M00000044543998,,C,25/05/2024 3:37,40.851,40.02,40.07,3,270.906,24.087,305.63,,,,集控
276,12M00000044543998,,A,25/05/2024 3:38,38.011,37.14,40.68,3,280.91,25.496,319.784,306.421,,,集控
277,12M00000044543998,,B,25/05/2024 3:39,43.69,43.99,49.69,3,281.374,18.497,310.729,,,,集控
278,12M00000044543998,,C,25/05/2024 3:40,43.072,38.62,49.1,3,212.995,12.732,314.264,,,,集控
279,12M00000044543998,,A,25/05/2024 3:41,44.09,44.78,40.58,3,292.995,23.289,304.586,315.939,,,集控
280,12M00000044543998,,B,25/05/2024 3:42,42.441,38.34,42.66,3,205.783,22.057,313.443,,,,集控
281,12M00000044543998,,C,25/05/2024 3:43,41.907,42.25,47.62,3,202.747,12.83,304.654,,,,集控
282,12M00000044543998,,A,25/05/2024 3:44,38.933,35.03,49.76,3,282.66,20.888,316.243,307.099,,,集控
283,12M00000044543998,,B,25/05/2024 3:45,43.163,41.96,41.33,3,209.915,11.093,301.263,,,,集控
284,12M00000044543998,,C,25/05/2024 3:46,36.167,43.71,44.34,3,202.013,25.585,307.003,,,,集控
285,12M00000044543998,,A,25/05/2024 3:47,37.094,40.77,45.69,3,237.706,21.679,308.345,313.727,,,集控
286,12M00000044543998,,B,25/05/2024 3:48,38.35,41.49,40.45,3,212.553,16.529,307.135,,,,集控
287,12M00000044543998,,C,25/05/2024 3:49,39.551,37.58,42.84,3,264.582,25.198,300.893,,,,集控
288,12M00000044543998,,A,25/05/2024 3:50,35.256,40.31,43.13,3,253.53,21.111,302.977,302.37,,,集控
289,12M00000044543998,,B,25/05/2024 3:51,36.295,44.08,40.35,3,216.946,19.828,310.75,,,,集控
290,12M00000044543998,,C,25/05/2024 3:52,36.122,35.27,45.39,3,225.022,10.329,300.188,,,,集控
291,12M00000044543998,,A,25/05/2024 3:53,37.327,39.39,46.23,3,213.616,10.501,308.245,304.749,,,集控
292,12M00000044543998,,B,25/05/2024 3:54,38.612,36.81,45.69,3,247.382,16.404,303.681,,,,集控
293,12M00000044543998,,C,25/05/2024 3:55,39.364,39.62,48.69,3,274.985,20.717,315.083,,,,集控
294,12M00000044543998,,A,25/05/2024 3:56,38.045,44.31,40.12,3,290.572,21.596,315.124,317.694,,,集控
295,12M00000044543998,,B,25/05/2024 3:57,43.157,39.63,43.35,3,285.289,20.559,301.504,,,,集控
296,12M00000044543998,,C,25/05/2024 3:58,37.569,37.44,40.3,3,253.731,22.917,305.642,,,,集控
297,12M00000044543998,,A,25/05/2024 3:59,39.078,38.38,41.86,3,205.458,22.029,313.127,305.771,,,集控
298,12M00000044543998,,B,25/05/2024 4:00,39.47,35.02,42.15,3,271.875,25.014,310.006,,,,集控
299,12M00000044543998,,C,25/05/2024 4:01,43.746,37.38,44.92,3,213.954,27.033,307.932,,,,集控
300,12M00000044543998,,A,25/05/2024 4:02,38.61,42.61,40.2,3,206.165,15.934,308.734,308.026,,,集控
301,12M00000044543998,,B,25/05/2024 4:03,43.284,42.03,41.88,3,250.485,17.058,317.258,,,,集控
302,12M00000044543998,,C,25/05/2024 4:04,38.143,37.39,49.27,3,243.881,17.256,304.612,,,,集控
303,12M00000044543998,,A,25/05/2024 4:05,37.419,40.34,40.4,3,232.91,24.959,315.184,314.315,,,集控
304,12M00000044543998,,B,25/05/2024 4:06,39.161,38.63,45.68,3,245.986,14.795,300.616,,,,集控
305,12M00000044543998,,C,25/05/2024 4:07,38.693,37.32,49.29,3,275.531,29.069,300.845,,,,集控
306,12M00000044543998,,A,25/05/2024 4:08,35.931,42.74,41.85,3,207.711,25.29,313.471,303.314,,,集控
307,12M00000044543998,,B,25/05/2024 4:09,35.682,44.13,44.16,3,200.767,23.234,304.029,,,,集控
308,12M00000044543998,,C,25/05/2024 4:10,36.427,35.69,48.86,3,297.733,18.104,319.427,,,,集控
309,12M00000044543998,,A,25/05/2024 4:11,41.293,38.29,46.3,3,289.781,15.978,318.048,305.288,,,集控
310,12M00000044543998,,B,25/05/2024 4:12,39.427,38.25,45.02,3,282.073,11.717,302.262,,,,集控
311,12M00000044543998,,C,25/05/2024 4:13,37.838,36.17,49.26,3,208.91,21.175,309.255,,,,集控
312,12M00000044543998,,A,25/05/2024 4:14,42.606,42.85,45.53,3,213.329,20.232,310.155,307.588,,,集控
313,12M00000044543998,,B,25/05/2024 4:15,41.107,43.27,43.75,3,297.597,22.962,315.765,,,,集控
314,12M00000044543998,,C,25/05/2024 4:16,35.236,38.37,49.87,3,211.25,26.905,309.842,,,,集控
315,12M00000044543998,,A,25/05/2024 4:17,39.482,42.09,42.59,3,284.127,24.36,305.994,302.536,,,集控
316,12M00000044543998,,B,25/05/2024 4:18,40.209,41.76,40.38,3,212.087,22.819,307.106,,,,集控
317,12M00000044543998,,C,25/05/2024 4:19,43.923,41.27,47.62,3,282.215,22.106,315.873,,,,集控
318,12M00000044543998,,A,25/05/2024 4:20,38.197,36.7,47.49,3,213.912,25.874,300.349,309.856,,,集控
319,12M00000044543998,,B,25/05/2024 4:21,36.424,40.66,41.92,3,243.395,24.052,302.467,,,,集控
320,12M00000044543998,,C,25/05/2024 4:22,43.974,39.37,47.8,3,283.428,10.535,300.524,,,,集控
321,12M00000044543998,,A,25/05/2024 4:23,43.879,39.13,42.01,3,219.553,22.616,314.455,315.907,,,集控
322,12M00000044543998,,B,25/05/2024 4:24,43.715,41.85,41.66,3,250.783,21.879,306.691,,,,集控
323,12M00000044543998,,C,25/05/2024 4:25,42.649,44.19,41.82,3,225.651,12.257,308.49,,,,集控
324,12M00000044543998,,A,25/05/2024 4:26,43.433,39.45,45.7,3,201.998,23.185,307.216,316.664,,,集控
325,12M00000044543998,,B,25/05/2024 4:27,42.725,42.34,41.62,3,290.681,13.101,318.618,,,,集控
326,12M00000044543998,,C,25/05/2024 4:28,38.277,38.36,47.6,3,207.734,20.931,313.867,,,,集控
327,12M00000044543998,,A,25/05/2024 4:29,43.847,39.66,48.4,3,250.121,14.18,316.905,307.495,,,集控
328,12M00000044543998,,B,25/05/2024 4:30,40.004,42.48,40.02,3,234.788,24.356,312.77,,,,集控
329,12M00000044543998,,C,25/05/2024 4:31,36.501,36.59,46.38,3,237.365,20.834,315.191,,,,集控
330,12M00000044543998,,A,25/05/2024 4:32,40.426,38.37,42.99,3,223.237,23.531,306.175,300.539,,,集控
331,12M00000044543998,,B,25/05/2024 4:33,35.99,42.06,42.26,3,206.341,19.659,307.923,,,,集控
332,12M00000044543998,,C,25/05/2024 4:34,36.983,36.46,47.97,3,264.232,18.262,304.752,,,,集控
333,12M00000044543998,,A,25/05/2024 4:35,41.52,37.85,43.2,3,294.781,25.944,315.555,318.792,,,集控
334,12M00000044543998,,B,25/05/2024 4:36,35.982,37.92,46.33,3,255.441,23.46,300.212,,,,集控
335,12M00000044543998,,C,25/05/2024 4:37,42.69,44.09,43.84,3,219.928,18.757,311.401,,,,集控
336,12M00000044543998,,A,25/05/2024 4:38,42.343,35.3,44.77,3,290.736,22.08,317.914,304.845,,,集控
337,12M00000044543998,,B,25/05/2024 4:39,42.67,43.5,40.05,3,216.758,18.926,309.37,,,,集控
338,12M00000044543998,,C,25/05/2024 4:40,42.545,38.55,46.02,3,218.446,27.007,310.923,,,,集控
339,12M00000044543998,,A,25/05/2024 4:41,44.202,40.22,43.67,3,276.317,11.581,301.707,312.446,,,集控
340,12M00000044543998,,B,25/05/2024 4:42,41.271,36.76,49.4,3,200.181,25.288,316.698,,,,集控
341,12M00000044543998,,C,25/05/2024 4:43,42.409,40.18,49.72,3,282.619,22.365,307.794,,,,集控
342,12M00000044543998,,A,25/05/2024 4:44,38.043,40.69,43.72,3,216.482,17.012,301.238,315.809,,,集控
343,12M00000044543998,,B,25/05/2024 4:45,43.349,40.87,40.16,3,206.706,19.873,300.104,,,,集控
344,12M00000044543998,,C,25/05/2024 4:46,37.893,40.93,40.77,3,234.227,28.242,303.483,,,,集控
345,12M00000044543998,,A,25/05/2024 4:47,36.052,42.06,42.63,3,287.197,14.066,305.161,303.522,,,集控
346,12M00000044543998,,B,25/05/2024 4:48,35.655,39.43,41.71,3,250.558,17.172,301.962,,,,集控
347,12M00000044543998,,C,25/05/2024 4:49,41.062,43.2,40.55,3,227.485,16.018,304.802,,,,集控
348,12M00000044543998,,A,25/05/2024 4:50,37.368,42.05,40.12,3,268.209,23.2,304.767,301.183,,,集控
349,12M00000044543998,,B,25/05/2024 4:51,39.262,40.67,42.81,3,234.504,16.143,307.539,,,,集控
350,12M00000044543998,,C,25/05/2024 4:52,42.406,39.27,40.04,3,208.096,17.669,305.522,,,,集控
351,12M00000044543998,,A,25/05/2024 4:53,37.962,44.24,48.5,3,269.332,18.116,319.189,306.014,,,集控
352,12M00000044543998,,B,25/05/2024 4:54,43.383,35.16,47.92,3,203.108,26.79,311.131,,,,集控
353,12M00000044543998,,C,25/05/2024 4:55,35.675,44.96,43.6,3,227.896,29.846,316.405,,,,集控
354,12M00000044543998,,A,25/05/2024 4:56,42.509,40.77,49.93,3,272.978,21.788,301.388,304.433,,,集控
355,12M00000044543998,,B,25/05/2024 4:57,35.858,40.54,47.45,3,256.317,21.859,308.893,,,,集控
356,12M00000044543998,,C,25/05/2024 4:58,40.115,44.62,45.7,3,222.124,26.603,309.802,,,,集控
357,12M00000044543998,,A,25/05/2024 4:59,36.455,40.12,41.15,3,211.306,19.46,314.348,301.414,,,集控
358,12M00000044543998,,B,25/05/2024 5:00,40.898,36.18,43.41,3,281.246,24.668,317.393,,,,集控
359,12M00000044543998,,C,25/05/2024 5:01,44.578,40.49,40.88,3,225.547,27.505,303.971,,,,集控
360,12M00000044543998,,A,25/05/2024 5:02,39.594,41.81,47.15,3,207.097,18.38,307.919,302.27,,,集控
361,12M00000044543998,,B,25/05/2024 5:03,39.028,35.21,45.31,3,282.635,27.724,316.464,,,,集控
362,12M00000044543998,,C,25/05/2024 5:04,43.29,37.17,47.1,3,284.663,25.54,301.57,,,,集控
363,12M00000044543998,,A,25/05/2024 5:05,43.314,37.68,41.57,3,236.935,20.703,311.129,305.335,,,集控
364,12M00000044543998,,B,25/05/2024 5:06,35.316,44.62,41,3,227.805,22.731,305.27,,,,集控
365,12M00000044543998,,C,25/05/2024 5:07,44.203,37.59,48.75,3,260.961,25.898,312.373,,,,集控
366,12M00000044543998,,A,25/05/2024 5:08,43.296,37.98,42.96,3,241.902,22.435,316.898,318.731,,,集控
367,12M00000044543998,,B,25/05/2024 5:09,41.387,35.12,49.29,3,245.707,25.434,313.255,,,,集控
368,12M00000044543998,,C,25/05/2024 5:10,38.173,36.2,40.16,3,275.097,21.585,302.766,,,,集控
369,12M00000044543998,,A,25/05/2024 5:11,42.486,36.73,42.23,3,252.027,20.515,300.427,301.343,,,集控
370,12M00000044543998,,B,25/05/2024 5:12,36.69,36.67,42.27,3,277.933,28.289,302.19,,,,集控
371,12M00000044543998,,C,25/05/2024 5:13,36.829,44.61,43.93,3,271.908,24.608,306.68,,,,集控
372,12M00000044543998,,A,25/05/2024 5:14,35.466,37.7,45.54,3,252.442,12.815,304.491,309.124,,,集控
373,12M00000044543998,,B,25/05/2024 5:15,40.244,42.41,49.71,3,245.479,19.742,316.008,,,,集控
374,12M00000044543998,,C,25/05/2024 5:16,43.067,38.49,45.72,3,279.609,14.061,310.541,,,,集控
375,12M00000044543998,,A,25/05/2024 5:17,39.897,36.94,42.75,3,244.726,26.739,309.487,317.02,,,集控
376,12M00000044543998,,B,25/05/2024 5:18,36.409,38.33,49.7,3,205.036,11.777,312.232,,,,集控
377,12M00000044543998,,C,25/05/2024 5:19,36.799,37.71,46.97,3,269.152,26.557,311.312,,,,集控
378,12M00000044543998,,A,25/05/2024 5:20,40.376,44.8,44.41,3,204.442,14.26,306.456,307.928,,,集控
379,12M00000044543998,,B,25/05/2024 5:21,37.657,41.62,42.9,3,239.352,13.501,317.143,,,,集控
380,12M00000044543998,,C,25/05/2024 5:22,41.376,44.87,44.66,3,238.246,29.887,304.496,,,,集控
381,12M00000044543998,,A,25/05/2024 5:23,43.485,44.8,44.77,3,286.328,20.637,311.017,304.55,,,集控
382,12M00000044543998,,B,25/05/2024 5:24,40.371,37.1,43.1,3,293.893,14.565,305.265,,,,集控
383,12M00000044543998,,C,25/05/2024 5:25,43.788,40.86,47.81,3,204.85,25.925,310.524,,,,集控
384,12M00000044543998,,A,25/05/2024 5:26,38.035,36.3,48.35,3,233.227,29.861,313.448,302.625,,,集控
385,12M00000044543998,,B,25/05/2024 5:27,41.909,44.91,46.19,3,259.588,19.515,318.167,,,,集控
386,12M00000044543998,,C,25/05/2024 5:28,38.142,35.21,49.2,3,280.402,20.927,319.442,,,,集控
387,12M00000044543998,,A,25/05/2024 5:29,40.096,37.69,45.63,3,257.218,17.661,308.633,307.893,,,集控
388,12M00000044543998,,B,25/05/2024 5:30,36.018,42.28,45.86,3,294.944,17.827,306.123,,,,集控
389,12M00000044543998,,C,25/05/2024 5:31,40.017,42.5,40.04,3,208.697,10.439,318.698,,,,集控
390,12M00000044543998,,A,25/05/2024 5:32,43.176,42.25,43.31,3,284.714,23.354,304.97,300.71,,,集控
391,12M00000044543998,,B,25/05/2024 5:33,36.964,40.2,40.03,3,223.983,10.106,312.924,,,,集控
392,12M00000044543998,,C,25/05/2024 5:34,35.447,40.42,49.11,3,223.551,14.358,317.858,,,,集控
393,12M00000044543998,,A,25/05/2024 5:35,41.163,38.83,44.55,3,222.155,26.773,306.383,316.607,,,集控
394,12M00000044543998,,B,25/05/2024 5:36,38.794,43.57,40.65,3,266.392,15.674,314.658,,,,集控
395,12M00000044543998,,C,25/05/2024 5:37,40.94,38.83,49.96,3,282.899,11.779,305.311,,,,集控
396,12M00000044543998,,A,25/05/2024 5:38,37.167,36.39,49.8,3,257.929,12.26,309.229,311.427,,,集控
397,12M00000044543998,,B,25/05/2024 5:39,41.987,37.84,43.09,3,276.028,13.465,316.585,,,,集控
398,12M00000044543998,,C,25/05/2024 5:40,44.975,39.4,41.58,3,246.583,23.331,317.642,,,,集控
399,12M00000044543998,,A,25/05/2024 5:41,44.657,40.26,45.21,3,235.541,20.959,303.36,305.483,,,集控
400,12M00000044543998,,B,25/05/2024 5:42,44.68,43.24,44.83,3,205.788,14.518,303.817,,,,集控
401,12M00000044543998,,C,25/05/2024 5:43,40.125,41.43,45.87,3,258.76,23.754,310.408,,,,集控
402,12M00000044543998,,A,25/05/2024 5:44,43.167,39.97,48.22,3,275.929,28.093,311.472,312.492,,,集控
403,12M00000044543998,,B,25/05/2024 5:45,42.26,36.7,45.89,3,239.891,26.884,312.617,,,,集控
404,12M00000044543998,,C,25/05/2024 5:46,44.53,35.06,48.55,3,273.77,11.185,311.924,,,,集控
405,12M00000044543998,,A,25/05/2024 5:47,40.561,40.39,43.05,3,263.572,24.182,300.403,315.388,,,集控
406,12M00000044543998,,B,25/05/2024 5:48,41.185,40.7,40.21,3,298.573,26.197,304.594,,,,集控
407,12M00000044543998,,C,25/05/2024 5:49,41.342,40.17,43.64,3,243,18.249,318.036,,,,集控
408,12M00000044543998,,A,25/05/2024 5:50,35.317,38.07,45.85,3,204.516,12.41,311.517,314.224,,,集控
409,12M00000044543998,,B,25/05/2024 5:51,38.703,43.55,49.4,3,295.28,17.54,319.214,,,,集控
410,12M00000044543998,,C,25/05/2024 5:52,36.512,36.05,41.11,3,258.736,16.111,310.555,,,,集控
411,12M00000044543998,,A,25/05/2024 5:53,37.062,39.95,43.91,3,261.746,14.344,313.46,305.975,,,集控
412,12M00000044543998,,B,25/05/2024 5:54,44.679,40.73,43.43,3,257.425,13.964,313.837,,,,集控
413,12M00000044543998,,C,25/05/2024 5:55,38.618,37.65,43.21,3,294.815,14.221,311.296,,,,集控
414,12M00000044543998,,A,25/05/2024 5:56,40.42,40.18,40.02,3,240.438,29.662,309.944,300.049,,,集控
415,12M00000044543998,,B,25/05/2024 5:57,35.775,42.05,44.17,3,215.205,26.52,303.653,,,,集控
416,12M00000044543998,,C,25/05/2024 5:58,40.928,37.15,43.57,3,216.937,10.797,305.064,,,,集控
417,12M00000044543998,,A,25/05/2024 5:59,43.257,38.93,42.06,3,233.497,22.143,303.185,304.466,,,集控
418,12M00000044543998,,B,25/05/2024 6:00,40.485,37.27,40.8,3,219.787,10.992,305.637,,,,集控
419,12M00000044543998,,C,25/05/2024 6:01,42.691,39.89,41.63,3,237.595,15.343,317.435,,,,集控
420,12M00000044543998,,A,25/05/2024 6:02,36.168,36.26,47.7,3,255.709,12.785,316.07,305.992,,,集控
421,12M00000044543998,,B,25/05/2024 6:03,35.466,38.62,40.25,3,264.172,18.261,301.302,,,,集控
422,12M00000044543998,,C,25/05/2024 6:04,41.81,42.14,46.31,3,279.748,16.436,312.664,,,,集控
423,12M00000044543998,,A,25/05/2024 6:05,41.913,35.82,45.29,3,264.861,24.66,304.126,313.343,,,集控
424,12M00000044543998,,B,25/05/2024 6:06,36.486,43.36,48.48,3,290.381,20.826,307.293,,,,集控
425,12M00000044543998,,C,25/05/2024 6:07,37.53,44.3,46.65,3,223.813,20.674,312.59,,,,集控
426,12M00000044543998,,A,25/05/2024 6:08,43.173,42.53,41,3,253.433,25.527,303.611,306.818,,,集控
427,12M00000044543998,,B,25/05/2024 6:09,40.024,36.93,47.34,3,257.588,16.787,301.525,,,,集控
428,12M00000044543998,,C,25/05/2024 6:10,35.471,35.51,40.31,3,294.017,23.43,301.37,,,,集控
429,12M00000044543998,,A,25/05/2024 6:11,44.104,43.17,48.89,3,295.014,19.016,313.248,303.587,,,集控
430,12M00000044543998,,B,25/05/2024 6:12,37.988,39.14,45.75,3,222.052,19.044,310.321,,,,集控
431,12M00000044543998,,C,25/05/2024 6:13,38.492,42.24,42.96,3,236.901,25.527,302.095,,,,集控
432,12M00000044543998,,A,25/05/2024 6:14,36.808,44.01,44.23,3,276.984,22.37,319.375,300.796,,,集控
433,12M00000044543998,,B,25/05/2024 6:15,43.332,42.09,49.17,3,201.692,13.421,315.252,,,,集控
434,12M00000044543998,,C,25/05/2024 6:16,38.785,35.12,42.29,3,214.389,11.574,314.775,,,,集控
435,12M00000044543998,,A,25/05/2024 6:17,37.116,35.29,42.36,3,265.634,12.276,309.94,311.729,,,集控
436,12M00000044543998,,B,25/05/2024 6:18,40.853,42.5,45.6,3,238.722,15.425,304.616,,,,集控
437,12M00000044543998,,C,25/05/2024 6:19,43.521,41.9,43.48,3,288.05,14.101,302.948,,,,集控
438,12M00000044543998,,A,25/05/2024 6:20,43.604,36.22,49.95,3,276.858,12.737,304.212,302.184,,,集控
439,12M00000044543998,,B,25/05/2024 6:21,37.854,42.99,49.16,3,224.697,26.675,318.807,,,,集控
440,12M00000044543998,,C,25/05/2024 6:22,37.152,37.54,47.69,3,222.632,16.5,311.405,,,,集控
441,12M00000044543998,,A,25/05/2024 6:23,37.4,41.79,43.68,3,220.379,19.92,315.744,315.777,,,集控
442,12M00000044543998,,B,25/05/2024 6:24,43.517,41.08,42.82,3,271.797,11.58,302.604,,,,集控
443,12M00000044543998,,C,25/05/2024 6:25,40.328,35.16,47.99,3,299.321,29.712,307.007,,,,集控
444,12M00000044543998,,A,25/05/2024 6:26,35.232,43.23,44.47,3,267.759,27.721,308.965,307.694,,,集控
445,12M00000044543998,,B,25/05/2024 6:27,40.935,43.9,43.62,3,202.12,27.749,310.987,,,,集控
446,12M00000044543998,,C,25/05/2024 6:28,43.112,36.99,48.47,3,269.025,29.708,318.129,,,,集控
447,12M00000044543998,,A,25/05/2024 6:29,37.614,39.52,45.07,3,293.144,11.075,300.277,317.531,,,集控
448,12M00000044543998,,B,25/05/2024 6:30,39.098,38.08,40.08,3,267.036,23.008,311.484,,,,集控
449,12M00000044543998,,C,25/05/2024 6:31,38.847,35.2,48.37,3,250.22,15.26,315.23,,,,集控
450,12M00000044543998,,A,25/05/2024 6:32,36.627,35.09,43.75,3,288.952,11.318,309.046,311.155,,,集控
451,12M00000044543998,,B,25/05/2024 6:33,39.594,38.99,42.18,3,272.211,11.235,301.749,,,,集控
452,12M00000044543998,,C,25/05/2024 6:34,39.85,44.08,40.54,3,277.455,24.469,304.747,,,,集控
453,12M00000044543998,,A,25/05/2024 6:35,41.064,37.9,41.19,3,242.64,20.605,316.37,311.628,,,集控
454,12M00000044543998,,B,25/05/2024 6:36,42.381,37.19,42.13,3,291.417,29.514,310.445,,,,集控
455,12M00000044543998,,C,25/05/2024 6:37,37.201,41.25,44.25,3,246.495,18.713,308.756,,,,集控
456,12M00000044543998,,A,25/05/2024 6:38,41.814,36.25,41.42,3,262.57,26.839,319.931,311.513,,,集控
457,12M00000044543998,,B,25/05/2024 6:39,35.832,35.48,43.92,3,267.331,18.987,319.764,,,,集控
458,12M00000044543998,,C,25/05/2024 6:40,38.575,41.6,41.82,3,277.384,26.29,312.704,,,,集控
459,12M00000044543998,,A,25/05/2024 6:41,42.666,43.36,49.35,3,240.854,14.955,316.688,314.86,,,集控
460,12M00000044543998,,B,25/05/2024 6:42,43.181,44.35,46.77,3,208.379,17.644,300.549,,,,集控
461,12M00000044543998,,C,25/05/2024 6:43,44.479,42.96,43.97,3,290.252,10.883,304.273,,,,集控
462,12M00000044543998,,A,25/05/2024 6:44,38.983,39.14,49.85,3,228.374,29.846,309.763,305.905,,,集控
463,12M00000044543998,,B,25/05/2024 6:45,43.492,41.87,46.67,3,226.166,14.093,317.9,,,,集控
464,12M00000044543998,,C,25/05/2024 6:46,42.189,41.76,45.46,3,216.377,11.004,317.147,,,,集控
465,12M00000044543998,,A,25/05/2024 6:47,44.017,44.51,40.96,3,240.747,21.941,311.053,311.608,,,集控
466,12M00000044543998,,B,25/05/2024 6:48,39.412,39.4,46.33,3,218.489,17.879,317.296,,,,集控
467,12M00000044543998,,C,25/05/2024 6:49,43.582,43.12,47.55,3,252.742,21.54,308.36,,,,集控
468,12M00000044543998,,A,25/05/2024 6:50,44.105,39.5,48.31,3,247.617,23.571,303.071,315.082,,,集控
469,12M00000044543998,,B,25/05/2024 6:51,43.193,40.33,40.32,3,294.555,10.158,314.787,,,,集控
470,12M00000044543998,,C,25/05/2024 6:52,44.274,37.12,49.6,3,208.558,29.606,305.947,,,,集控
471,12M00000044543998,,A,25/05/2024 6:53,36.486,36.47,46.65,3,238.944,20.746,303.267,308.152,,,集控
472,12M00000044543998,,B,25/05/2024 6:54,35.69,40.87,47.3,3,243.614,24.722,312.918,,,,集控
473,12M00000044543998,,C,25/05/2024 6:55,41.08,36.8,42.91,3,273.416,20.144,314.987,,,,集控
474,12M00000044543998,,A,25/05/2024 6:56,40.42,36.86,46.82,3,235.221,24.39,315.093,306.942,,,集控
475,12M00000044543998,,B,25/05/2024 6:57,38.814,37.78,48.62,3,208.172,17.105,304.598,,,,集控
476,12M00000044543998,,C,25/05/2024 6:58,40.767,35.81,48.54,3,207.885,17.708,306.358,,,,集控
477,12M00000044543998,,A,25/05/2024 6:59,40.867,43.79,46.46,3,242.814,21.401,310.362,317.312,,,集控
478,12M00000044543998,,B,25/05/2024 7:00,37.149,44.2,43.24,3,219.404,13.977,318.14,,,,集控
479,12M00000044543998,,C,25/05/2024 7:01,43.865,36.67,41.37,3,244.888,16.175,316.528,,,,集控
480,12M00000044543998,,A,25/05/2024 7:02,44.242,42.68,48.63,3,297.576,27.046,303.399,319.367,,,集控
481,12M00000044543998,,B,25/05/2024 7:03,44.756,40.32,49.69,3,297.416,25.086,318.98,,,,集控
482,12M00000044543998,,C,25/05/2024 7:04,35.336,38.46,40.36,3,258.414,21.105,301.683,,,,集控
483,12M00000044543998,,A,25/05/2024 7:05,44.345,41.24,48.07,3,251.873,20.834,312.402,313.275,,,集控
484,12M00000044543998,,B,25/05/2024 7:06,41.705,43.35,42.39,3,278.469,28.967,304.731,,,,集控
485,12M00000044543998,,C,25/05/2024 7:07,44.046,43.09,47.12,3,268.318,15.627,319.952,,,,集控
486,12M00000044543998,,A,25/05/2024 7:08,40.373,39.18,49.95,3,220.496,21.278,303.053,305.63,,,集控
487,12M00000044543998,,B,25/05/2024 7:09,43.741,43.22,46.9,3,203.169,10.691,316.54,,,,集控
488,12M00000044543998,,C,25/05/2024 7:10,43.424,36.29,48.44,3,272.227,21.346,300.413,,,,集控
489,12M00000044543998,,A,25/05/2024 7:11,36.486,42.91,41.15,3,208.406,27.196,303.588,303.157,,,集控
490,12M00000044543998,,B,25/05/2024 7:12,39.987,44.31,43.08,3,222.925,15.651,311.258,,,,集控
491,12M00000044543998,,C,25/05/2024 7:13,39.155,37.17,42.83,3,265.816,27.002,312.678,,,,集控
492,12M00000044543998,,A,25/05/2024 7:14,37.986,35.95,43.8,3,252.429,20.886,317.259,304.789,,,集控
493,12M00000044543998,,B,25/05/2024 7:15,40.319,39.24,45.09,3,269.428,10.831,315.239,,,,集控
494,12M00000044543998,,C,25/05/2024 7:16,40.14,41.2,40.9,3,208.43,18.039,308.947,,,,集控
495,12M00000044543998,,A,25/05/2024 7:17,40.89,42.89,46.59,3,223.58,20.435,301.411,312.71,,,集控
496,12M00000044543998,,B,25/05/2024 7:18,35.483,43.67,43.17,3,294.83,24.332,304.228,,,,集控
497,12M00000044543998,,C,25/05/2024 7:19,44.902,35.6,42.76,3,240.984,14.545,310.057,,,,集控
498,12M00000044543998,,A,25/05/2024 7:20,37.565,42.97,44.23,3,234.551,15.538,313.383,310.056,,,集控
499,12M00000044543998,,B,25/05/2024 7:21,36.89,37.87,47.32,3,265.93,23.853,317.808,,,,集控
500,12M00000044543998,,C,25/05/2024 7:22,36.171,42.63,41.06,3,251.02,20.392,300.233,,,,集控
501,12M00000044543998,,A,25/05/2024 7:23,41.425,40.53,48.23,3,252.138,28.518,307.538,312.609,,,集控
502,12M00000044543998,,B,25/05/2024 7:24,43.288,35.39,49.84,3,247.329,14.398,318.567,,,,集控
503,12M00000044543998,,C,25/05/2024 7:25,41.622,35.75,42.63,3,253.955,14.377,317.15,,,,集控
504,12M00000044543998,,A,25/05/2024 7:26,37.865,37.3,49.22,3,262.858,21.248,304.489,311.771,,,集控
505,12M00000044543998,,B,25/05/2024 7:27,36.742,36.38,42.55,3,238.874,11.676,313.512,,,,集控
506,12M00000044543998,,C,25/05/2024 7:28,36.23,37.45,48.62,3,207.524,27.43,305.03,,,,集控
507,12M00000044543998,,A,25/05/2024 7:29,44.479,39.15,49.87,3,223.688,19.769,310.843,304.355,,,集控
508,12M00000044543998,,B,25/05/2024 7:30,42.693,42.29,44.11,3,254.133,26.424,311.805,,,,集控
509,12M00000044543998,,C,25/05/2024 7:31,42.07,36.41,43.34,3,254.908,24.048,301.516,,,,集控
510,12M00000044543998,,A,25/05/2024 7:32,41.639,39.65,46.44,3,285.221,29.059,311.273,305.973,,,集控
511,12M00000044543998,,B,25/05/2024 7:33,38.083,40.74,47.49,3,244.876,15.051,306.916,,,,集控
512,12M00000044543998,,C,25/05/2024 7:34,40.312,41.91,46.58,3,234.333,21.738,309.47,,,,集控
513,12M00000044543998,,A,25/05/2024 7:35,38.288,36.89,45.67,3,296.687,12.139,311.118,309.74,,,集控
514,12M00000044543998,,B,25/05/2024 7:36,35.245,41.96,48.54,3,263.115,19.912,308.486,,,,集控
515,12M00000044543998,,C,25/05/2024 7:37,38.892,37.18,49.02,3,207.331,12.357,300.023,,,,集控
516,12M00000044543998,,A,25/05/2024 7:38,36.945,38.3,49.96,3,226.788,15.781,317.467,303.191,,,集控
517,12M00000044543998,,B,25/05/2024 7:39,43.937,40.13,45.22,3,270.815,18.163,300.224,,,,集控
518,12M00000044543998,,C,25/05/2024 7:40,44.214,38.12,46.07,3,255.505,16.169,300.837,,,,集控
519,12M00000044543998,,A,25/05/2024 7:41,42.721,42.49,41.67,3,217.45,14.22,300.685,310.752,,,集控
520,12M00000044543998,,B,25/05/2024 7:42,36.282,41.78,43.75,3,222.13,18.33,300.648,,,,集控
521,12M00000044543998,,C,25/05/2024 7:43,37.885,39.85,41.64,3,259.442,12.586,309.429,,,,集控
522,12M00000044543998,,A,25/05/2024 7:44,37.042,41.33,40.59,3,250.168,27.316,315.54,301.751,,,集控
523,12M00000044543998,,B,25/05/2024 7:45,38.519,41.85,46.5,3,231.815,27.38,311.873,,,,集控
524,12M00000044543998,,C,25/05/2024 7:46,43.078,37.13,42.05,3,265.37,25.196,311.121,,,,集控
525,12M00000044543998,,A,25/05/2024 7:47,40.264,42.25,49.25,3,264.213,18.688,303.949,315.951,,,集控
526,12M00000044543998,,B,25/05/2024 7:48,38.378,39.6,45.27,3,238.145,10.259,305.697,,,,集控
527,12M00000044543998,,C,25/05/2024 7:49,40.138,39.6,44.56,3,227.464,11.542,312.748,,,,集控
528,12M00000044543998,,A,25/05/2024 7:50,37.223,43.21,42.5,3,287.247,11.436,318.665,306.371,,,集控
529,12M00000044543998,,B,25/05/2024 7:51,44.763,37.41,46.71,3,232.195,28.732,305.234,,,,集控
530,12M00000044543998,,C,25/05/2024 7:52,40.656,38.49,49.39,3,248.755,22.829,308.699,,,,集控
531,12M00000044543998,,A,25/05/2024 7:53,35.677,37.73,47.61,3,253.862,15.025,319.036,314.155,,,集控
532,12M00000044543998,,B,25/05/2024 7:54,39.747,39.19,49.45,3,207.86,20.632,300.713,,,,集控
533,12M00000044543998,,C,25/05/2024 7:55,38.133,40.12,49.4,3,239.874,12.846,316.783,,,,集控
534,12M00000044543998,,A,25/05/2024 7:56,41.354,43,47,3,283.258,13.736,319.757,302.999,,,集控
535,12M00000044543998,,B,25/05/2024 7:57,39.529,36.76,48.2,3,203.5,26.522,302.327,,,,集控
536,12M00000044543998,,C,25/05/2024 7:58,38.401,38.75,43.54,3,246.955,23.116,305.854,,,,集控
537,12M00000044543998,,A,25/05/2024 7:59,38.383,42.47,49.54,3,219.072,14.776,306.268,312.928,,,集控
538,12M00000044543998,,B,25/05/2024 8:00,42.888,42.09,48.57,3,207.811,15.36,301.178,,,,集控
539,12M00000044543998,,C,25/05/2024 8:01,35.825,43.11,46.64,3,236.841,10.648,307.791,,,,集控
540,12M00000044543998,,A,25/05/2024 8:02,40.955,39.05,49.22,3,215.846,28.229,306.968,304.592,,,集控
541,12M00000044543998,,B,25/05/2024 8:03,42.28,40.75,46.34,3,282.106,10.924,304.913,,,,集控
542,12M00000044543998,,C,25/05/2024 8:04,42.994,36.25,41.48,3,221.837,16.46,300.523,,,,集控
543,12M00000044543998,,A,25/05/2024 8:05,40.583,39.05,44.42,3,241.178,19.775,308.324,301.577,,,集控
544,12M00000044543998,,B,25/05/2024 8:06,42.062,35.02,44.2,3,293.199,10.105,311.043,,,,集控
545,12M00000044543998,,C,25/05/2024 8:07,37.145,36.53,42.64,3,238.974,19.618,306.365,,,,集控
546,12M00000044543998,,A,25/05/2024 8:08,44.786,43.81,44.76,3,247.262,12.263,310.864,300.434,,,集控
547,12M00000044543998,,B,25/05/2024 8:09,43.683,40.23,44.44,3,271.245,29.839,303.027,,,,集控
548,12M00000044543998,,C,25/05/2024 8:10,40.16,38.28,47.41,3,255.21,11.794,316.754,,,,集控
549,12M00000044543998,,A,25/05/2024 8:11,40.86,40.94,47.24,3,278.695,17.488,315.761,313.121,,,集控
550,12M00000044543998,,B,25/05/2024 8:12,43.341,39.78,47.46,3,280.723,22.817,316.492,,,,集控
551,12M00000044543998,,C,25/05/2024 8:13,42.431,44.36,45.69,3,204.071,10.179,309.71,,,,集控
552,12M00000044543998,,A,25/05/2024 8:14,42.817,44.92,42.28,3,208.196,18.663,319.06,300.351,,,集控
553,12M00000044543998,,B,25/05/2024 8:15,44.218,44.73,43.8,3,268.209,28.319,311.512,,,,集控
554,12M00000044543998,,C,25/05/2024 8:16,36.403,36.78,47.25,3,248.79,26.204,302.711,,,,集控
555,12M00000044543998,,A,25/05/2024 8:17,41.316,44.75,45.87,3,280.406,23.935,313.256,303.297,,,集控
556,12M00000044543998,,B,25/05/2024 8:18,40.825,42.65,48.22,3,261.009,14.034,306.31,,,,集控
557,12M00000044543998,,C,25/05/2024 8:19,40.429,42.18,44.6,3,208.233,19.63,318.539,,,,集控
558,12M00000044543998,,A,25/05/2024 8:20,43.11,43.77,43.55,3,264.093,10.725,308.311,306.969,,,集控
559,12M00000044543998,,B,25/05/2024 8:21,39.353,35.36,48.8,3,241.738,21.798,305.671,,,,集控
560,12M00000044543998,,C,25/05/2024 8:22,39.908,38.04,45.06,3,273.203,28.43,304.151,,,,集控
561,12M00000044543998,,A,25/05/2024 8:23,38.474,39.64,42.06,3,299.511,16.995,300.382,303.244,,,集控
562,12M00000044543998,,B,25/05/2024 8:24,44.891,41.63,49.89,3,245.904,15.688,312.859,,,,集控
563,12M00000044543998,,C,25/05/2024 8:25,43.79,43.54,46.42,3,254.617,19.844,302.41,,,,集控
564,12M00000044543998,,A,25/05/2024 8:26,42.838,39.8,47.04,3,281.814,22.651,313.489,310.462,,,集控
565,12M00000044543998,,B,25/05/2024 8:27,35.376,38.42,48.58,3,231.015,19.756,317.874,,,,集控
566,12M00000044543998,,C,25/05/2024 8:28,43.076,42.29,48.8,3,260.005,21.073,307.553,,,,集控
567,12M00000044543998,,A,25/05/2024 8:29,40.147,43.7,47.33,3,282.515,19.957,312.701,301.632,,,集控
568,12M00000044543998,,B,25/05/2024 8:30,42.506,43.47,48.81,3,231.589,10.355,312.202,,,,集控
569,12M00000044543998,,C,25/05/2024 8:31,40.935,37.92,42.05,3,278.243,26.958,318.408,,,,集控
570,12M00000044543998,,A,25/05/2024 8:32,40.162,38.15,40.18,3,207.58,14.835,305.854,315.919,,,集控
571,12M00000044543998,,B,25/05/2024 8:33,36.101,35.11,43.16,3,259.609,11.747,318.749,,,,集控
572,12M00000044543998,,C,25/05/2024 8:34,42.499,39.2,43.01,3,232.747,17.167,318.276,,,,集控
573,12M00000044543998,,A,25/05/2024 8:35,37.606,42.04,42.48,3,226.419,12.704,318.428,313.285,,,集控
574,12M00000044543998,,B,25/05/2024 8:36,41.14,43.86,42.38,3,278.189,29.017,301.886,,,,集控
575,12M00000044543998,,C,25/05/2024 8:37,42.946,41.38,47.02,3,215.251,10.405,313.413,,,,集控
576,12M00000044543998,,A,25/05/2024 8:38,42.223,43.54,48.53,3,240.983,16.117,312.228,319.959,,,集控
577,12M00000044543998,,B,25/05/2024 8:39,36.438,35.07,45.56,3,275.957,17.553,311.083,,,,集控
578,12M00000044543998,,C,25/05/2024 8:40,39.336,42.88,40.49,3,292.535,22.142,310.443,,,,集控
579,12M00000044543998,,A,25/05/2024 8:41,39.539,39.77,41.01,3,286.48,25.938,307.478,319.215,,,集控
580,12M00000044543998,,B,25/05/2024 8:42,36.195,35.7,46.78,3,262.623,25.769,317.45,,,,集控
581,12M00000044543998,,C,25/05/2024 8:43,42.387,35.63,40.05,3,260.984,26.562,318.441,,,,集控
582,12M00000044543998,,A,25/05/2024 8:44,43.562,40.34,47.06,3,218.892,11.663,316.696,317.809,,,集控
583,12M00000044543998,,B,25/05/2024 8:45,39.245,37.62,49.58,3,295.843,17.421,310.567,,,,集控
584,12M00000044543998,,C,25/05/2024 8:46,35.09,35.36,45.66,3,218.098,17.824,312.483,,,,集控
585,12M00000044543998,,A,25/05/2024 8:47,37.539,35.55,48.52,3,208.373,26.518,304.9,315.498,,,集控
586,12M00000044543998,,B,25/05/2024 8:48,40.045,42.98,43.67,3,294.961,24.08,304.185,,,,集控
587,12M00000044543998,,C,25/05/2024 8:49,38.01,44.9,41.91,3,271.652,16.587,303.946,,,,集控
588,12M00000044543998,,A,25/05/2024 8:50,35.384,36.26,47.13,3,282.15,27.64,310.221,311.936,,,集控
589,12M00000044543998,,B,25/05/2024 8:51,43.847,36.48,45.27,3,226.347,16.803,313.779,,,,集控
590,12M00000044543998,,C,25/05/2024 8:52,36.744,40.05,42.84,3,274.47,14.471,309.962,,,,集控
591,12M00000044543998,,A,25/05/2024 8:53,41.652,43.55,48.83,3,247.725,12.98,317.68,307.313,,,集控
592,12M00000044543998,,B,25/05/2024 8:54,41.685,44.37,44.55,3,276.865,17.796,300.651,,,,集控
593,12M00000044543998,,C,25/05/2024 8:55,36.665,40.74,46.23,3,299.38,17.679,313.354,,,,集控
594,12M00000044543998,,A,25/05/2024 8:56,44.513,37.32,49.86,3,241.033,16.001,307.97,309.598,,,集控
595,12M00000044543998,,B,25/05/2024 8:57,39.593,42.95,47.56,3,219.845,27.117,305.149,,,,集控
596,12M00000044543998,,C,25/05/2024 8:58,37.232,44.86,42.31,3,282.746,15.321,303.873,,,,集控
597,12M00000044543998,,A,25/05/2024 8:59,37.813,44.04,44.23,3,262.759,24.026,317.541,314.836,,,集控
598,12M00000044543998,,B,25/05/2024 9:00,40.717,40.92,48.41,3,271.877,22.344,300.483,,,,集控
599,12M00000044543998,,C,25/05/2024 9:01,39.052,38.18,48.92,3,276.33,22.241,304.042,,,,集控
600,12M00000044543998,,A,25/05/2024 9:02,43.368,36.85,43.42,3,293.806,28.448,319.875,307.009,,,集控
601,12M00000044543998,,B,25/05/2024 9:03,43.055,35.14,48.96,3,258.672,25.208,310.11,,,,集控
602,12M00000044543998,,C,25/05/2024 9:04,41.261,39.94,41.71,3,252.674,21.748,314.052,,,,集控
603,12M00000044543998,,A,25/05/2024 9:05,37.06,41.67,47.34,3,265.074,11.131,301.072,318.399,,,集控
604,12M00000044543998,,B,25/05/2024 9:06,43.756,39.19,47.48,3,263.476,27.376,310.202,,,,集控
605,12M00000044543998,,C,25/05/2024 9:07,42.891,42.28,40.73,3,217.496,14.521,318.864,,,,集控
606,12M00000044543998,,A,25/05/2024 9:08,39.735,35.09,40.46,3,210.669,12.281,315.393,306.056,,,集控
607,12M00000044543998,,B,25/05/2024 9:09,43.264,39.79,49.11,3,232.006,19.647,318.106,,,,集控
608,12M00000044543998,,C,25/05/2024 9:10,35.514,40.96,48.76,3,230.727,27.125,304.466,,,,集控
609,12M00000044543998,,A,25/05/2024 9:11,40.031,39.04,46.66,3,277.621,25.536,319.673,303.52,,,集控
610,12M00000044543998,,B,25/05/2024 9:12,43.758,36.35,49.58,3,283.877,16.884,312.354,,,,集控
611,12M00000044543998,,C,25/05/2024 9:13,38.705,42.04,40.3,3,241.468,13.343,310.571,,,,集控
612,12M00000044543998,,A,25/05/2024 9:14,35.428,35.7,42.85,3,285.913,22.263,304.3,318.533,,,集控
613,12M00000044543998,,B,25/05/2024 9:15,35.452,39.47,49.03,3,216.526,10.243,305.548,,,,集控
614,12M00000044543998,,C,25/05/2024 9:16,42.225,41.08,46.64,3,251.946,11.104,315.552,,,,集控
615,12M00000044543998,,A,25/05/2024 9:17,39.384,41.84,42.22,3,254.048,19.654,301.756,316.568,,,集控
616,12M00000044543998,,B,25/05/2024 9:18,41.125,41.37,44.12,3,210.921,14.85,311.254,,,,集控
617,12M00000044543998,,C,25/05/2024 9:19,44.348,44.31,48.48,3,235.243,11.614,310.014,,,,集控
618,12M00000044543998,,A,25/05/2024 9:20,38.55,36.48,42.37,3,277.976,27.892,314.201,313.901,,,集控
619,12M00000044543998,,B,25/05/2024 9:21,37.238,41.91,47.34,3,250.659,20.804,316.465,,,,集控
620,12M00000044543998,,C,25/05/2024 9:22,37.542,37.89,48.64,3,211.789,20.863,306.773,,,,集控
621,12M00000044543998,,A,25/05/2024 9:23,40.014,39.9,45.45,3,213.3,16.48,317.577,304.339,,,集控
622,12M00000044543998,,B,25/05/2024 9:24,43.278,40.48,43.22,3,280.024,12.206,313.998,,,,集控
623,12M00000044543998,,C,25/05/2024 9:25,35.791,40.95,42.6,3,248.035,11.145,317.91,,,,集控
624,12M00000044543998,,A,25/05/2024 9:26,41.734,38.41,46.69,3,208.554,13.152,312.325,309.609,,,集控
625,12M00000044543998,,B,25/05/2024 9:27,37.137,37.6,41.29,3,209.896,14.707,311.078,,,,集控
626,12M00000044543998,,C,25/05/2024 9:28,43.332,43.38,49.95,3,291.401,16.376,301.876,,,,集控
627,12M00000044543998,,A,25/05/2024 9:29,37.862,44.2,47.18,3,214.05,20.486,306.549,317.587,,,集控
628,12M00000044543998,,B,25/05/2024 9:30,42.759,41.39,45.5,3,225.497,22.423,310.064,,,,集控
629,12M00000044543998,,C,25/05/2024 9:31,40.415,42.82,44.26,3,252.789,16.581,302.611,,,,集控
630,12M00000044543998,,A,25/05/2024 9:32,35.639,43.95,47.94,3,291.294,17.753,311.626,314.966,,,集控
631,12M00000044543998,,B,25/05/2024 9:33,44.442,39.92,44.92,3,220.905,12.426,310.788,,,,集控
632,12M00000044543998,,C,25/05/2024 9:34,35.515,41.7,48.02,3,217.933,17.59,302.042,,,,集控
633,12M00000044543998,,A,25/05/2024 9:35,44.153,39.67,41.66,3,272.181,28.529,309.593,316.667,,,集控
634,12M00000044543998,,B,25/05/2024 9:36,40.929,38.36,48.35,3,201.575,22.992,313.476,,,,集控
635,12M00000044543998,,C,25/05/2024 9:37,40.433,41.4,44.46,3,289.548,20.345,310.258,,,,集控
636,12M00000044543998,,A,25/05/2024 9:38,44.872,41.75,42.13,3,271.38,27.011,309.392,304.736,,,集控
637,12M00000044543998,,B,25/05/2024 9:39,39.108,40.32,45.81,3,280.942,14.051,303.611,,,,集控
638,12M00000044543998,,C,25/05/2024 9:40,36.631,37.97,47.14,3,219.486,20.652,307.94,,,,集控
639,12M00000044543998,,A,25/05/2024 9:41,41.435,43.66,40.52,3,263.315,23.921,307.784,317.659,,,集控
640,12M00000044543998,,B,25/05/2024 9:42,37.32,41.3,46.92,3,241.717,14.199,300.782,,,,集控
641,12M00000044543998,,C,25/05/2024 9:43,44.12,37.05,43.86,3,201.008,22.382,301.065,,,,集控
642,12M00000044543998,,A,25/05/2024 9:44,41.48,40.24,48.98,3,230.18,20.15,300.12,319.652,,,集控
643,12M00000044543998,,B,25/05/2024 9:45,38.78,37.58,48.3,3,282.943,25.79,314.967,,,,集控
644,12M00000044543998,,C,25/05/2024 9:46,42.777,39.81,44.23,3,241.134,10.049,317.545,,,,集控
645,12M00000044543998,,A,25/05/2024 9:47,36.09,35.85,45.31,3,275.379,11.768,310.415,310.839,,,集控
646,12M00000044543998,,B,25/05/2024 9:48,38.099,37.33,47.07,3,203.314,15.021,304.074,,,,集控
647,12M00000044543998,,C,25/05/2024 9:49,39.505,43.16,41.63,3,216.426,28.993,300.617,,,,集控
648,12M00000044543998,,A,25/05/2024 9:50,38.616,43.01,41.76,3,258.225,19.757,312.585,309.064,,,集控
649,12M00000044543998,,B,25/05/2024 9:51,39.711,39.59,49.28,3,247.112,13.153,317.641,,,,集控
650,12M00000044543998,,C,25/05/2024 9:52,40.923,44.14,45.1,3,240.82,16.102,306.599,,,,集控
651,12M00000044543998,,A,25/05/2024 9:53,42.853,42.16,47.35,3,200.871,29.024,300.885,301.58,,,集控
652,12M00000044543998,,B,25/05/2024 9:54,35.828,42.56,44.45,3,200.621,22.061,305.842,,,,集控
653,12M00000044543998,,C,25/05/2024 9:55,40.205,35.32,45.23,3,234.625,18.329,319.682,,,,集控
654,12M00000044543998,,A,25/05/2024 9:56,44.359,39.31,46.77,3,294.262,10.044,308.878,312.404,,,集控
655,12M00000044543998,,B,25/05/2024 9:57,40.38,43.94,40.99,3,248.174,15.291,314.158,,,,集控
656,12M00000044543998,,C,25/05/2024 9:58,41.9,39.87,45.83,3,298.515,15.203,316.723,,,,集控
657,12M00000044543998,,A,25/05/2024 9:59,36.17,44.04,40.55,3,275.101,14.572,300.998,310.435,,,集控
658,12M00000044543998,,B,25/05/2024 10:00,35.022,43.16,41.61,3,234.862,23.763,301.232,,,,集控
659,12M00000044543998,,C,25/05/2024 10:01,37.463,40.24,47.47,3,228.595,15.59,307.544,,,,集控
660,12M00000044543998,,A,25/05/2024 10:02,38.774,35.28,43.49,3,229.858,15.07,307.266,310.265,,,集控
661,12M00000044543998,,B,25/05/2024 10:03,41.512,44.26,46.62,3,277.784,20.207,305.042,,,,集控
662,12M00000044543998,,C,25/05/2024 10:04,43.875,44.16,47.46,3,262.334,24.501,316.243,,,,集控
663,12M00000044543998,,A,25/05/2024 10:05,39.132,35.3,40.16,3,260.161,23.127,318.111,310.372,,,集控
664,12M00000044543998,,B,25/05/2024 10:06,36.606,37.23,48.63,3,227.708,18.858,307.596,,,,集控
665,12M00000044543998,,C,25/05/2024 10:07,38.414,41.28,48.49,3,237.929,20.076,314.739,,,,集控
666,12M00000044543998,,A,25/05/2024 10:08,39.711,37.81,45.44,3,238.364,28.165,301.446,300.288,,,集控
667,12M00000044543998,,B,25/05/2024 10:09,42.778,35.29,40.51,3,288.804,11.157,316.638,,,,集控
668,12M00000044543998,,C,25/05/2024 10:10,44.782,40.47,49.03,3,293.061,13.597,309.366,,,,集控
669,12M00000044543998,,A,25/05/2024 10:11,43.815,35.42,40.97,3,229.899,22.705,305.085,300.616,,,集控
670,12M00000044543998,,B,25/05/2024 10:12,44.724,35.74,41.07,3,207.84,16.97,318.891,,,,集控
671,12M00000044543998,,C,25/05/2024 10:13,37.685,43.29,48.67,3,227.177,23.805,308.67,,,,集控
672,12M00000044543998,,A,25/05/2024 10:14,44.883,36.82,48.05,3,255.216,17.731,317.114,305.049,,,集控
673,12M00000044543998,,B,25/05/2024 10:15,38.148,35.31,42.56,3,229.775,16.709,308.156,,,,集控
674,12M00000044543998,,C,25/05/2024 10:16,41.307,44.4,49.35,3,274.362,22.353,317.726,,,,集控
675,12M00000044543998,,A,25/05/2024 10:17,42.497,41.63,49.51,3,290.085,27.698,318.116,307.366,,,集控
676,12M00000044543998,,B,25/05/2024 10:18,41.532,35.02,44.34,3,202.743,20.724,310.185,,,,集控
677,12M00000044543998,,C,25/05/2024 10:19,38.244,37.22,41.92,3,266.173,28.236,308.472,,,,集控
678,12M00000044543998,,A,25/05/2024 10:20,40.317,40.88,40.11,3,297.398,27.874,316.419,316.039,,,集控
679,12M00000044543998,,B,25/05/2024 10:21,37.413,42.41,44.71,3,276.524,11.263,310.347,,,,集控
680,12M00000044543998,,C,25/05/2024 10:22,43.709,41.13,43.72,3,259.247,25.609,308.891,,,,集控
681,12M00000044543998,,A,25/05/2024 10:23,41.03,41.78,40.83,3,261.727,15.421,304.848,311.096,,,集控
682,12M00000044543998,,B,25/05/2024 10:24,44.896,36.94,45.75,3,221.162,10.937,302.476,,,,集控
683,12M00000044543998,,C,25/05/2024 10:25,35.233,36.95,43.25,3,250.969,14.58,312.639,,,,集控
684,12M00000044543998,,A,25/05/2024 10:26,37.38,38.87,45.17,3,286.005,18.981,308.533,316.029,,,集控
685,12M00000044543998,,B,25/05/2024 10:27,39.781,41.2,48.07,3,286.448,10.872,312.049,,,,集控
686,12M00000044543998,,C,25/05/2024 10:28,39.462,44.34,40.36,3,209.26,15.643,305.505,,,,集控
687,12M00000044543998,,A,25/05/2024 10:29,43.785,41.39,40.27,3,255.96,14.514,318.252,317.153,,,集控
688,12M00000044543998,,B,25/05/2024 10:30,38.538,42.51,42.43,3,234.117,12.827,317.497,,,,集控
689,12M00000044543998,,C,25/05/2024 10:31,39.038,41.12,43.56,3,252.644,26.713,305.959,,,,集控
690,12M00000044543998,,A,25/05/2024 10:32,38.949,42.63,47.7,3,229.547,19.624,310.229,300.751,,,集控
691,12M00000044543998,,B,25/05/2024 10:33,39.09,43.9,41.49,3,266.262,17.375,311.569,,,,集控
692,12M00000044543998,,C,25/05/2024 10:34,39.742,40.39,49.98,3,288.233,25.87,314.818,,,,集控
693,12M00000044543998,,A,25/05/2024 10:35,40.621,36.38,44.33,3,200.259,20.078,304.506,313.57,,,集控
694,12M00000044543998,,B,25/05/2024 10:36,44.521,37.31,40.66,3,205.134,19.538,314.344,,,,集控
695,12M00000044543998,,C,25/05/2024 10:37,42.946,42.22,40.64,3,281.433,14.543,314.338,,,,集控
696,12M00000044543998,,A,25/05/2024 10:38,36.125,39.03,45.37,3,202.939,25.495,312.168,309.392,,,集控
697,12M00000044543998,,B,25/05/2024 10:39,42.057,35.86,48.37,3,232.233,14.659,303.834,,,,集控
698,12M00000044543998,,C,25/05/2024 10:40,42.003,43.16,44,3,226.694,11.355,315.481,,,,集控
699,12M00000044543998,,A,25/05/2024 10:41,37.714,37.97,43.28,3,246.767,16.074,318.256,312.411,,,集控
700,12M00000044543998,,B,25/05/2024 10:42,40.342,42.9,46.09,3,267.19,10.617,315.129,,,,集控
701,12M00000044543998,,C,25/05/2024 10:43,43.829,41.22,48.36,3,280.416,27.697,315.794,,,,集控
702,12M00000044543998,,A,25/05/2024 10:44,44.441,39.25,44.84,3,205.705,19.942,308.09,305.128,,,集控
703,12M00000044543998,,B,25/05/2024 10:45,42.23,39.82,46.99,3,256.803,28.128,305.16,,,,集控
704,12M00000044543998,,C,25/05/2024 10:46,40.093,40.22,49.48,3,241.086,26.18,307.275,,,,集控
705,12M00000044543998,,A,25/05/2024 10:47,42.118,37.08,43.15,3,250.767,17.165,309.265,306.671,,,集控
706,12M00000044543998,,B,25/05/2024 10:48,44.698,35.28,41.34,3,258.498,14.512,310.078,,,,集控
707,12M00000044543998,,C,25/05/2024 10:49,38.431,42.5,47.85,3,282.967,27.915,319.09,,,,集控
708,12M00000044543998,,A,25/05/2024 10:50,44.72,36.52,42.8,3,287.509,12.301,306.378,317.006,,,集控
709,12M00000044543998,,B,25/05/2024 10:51,35.622,39.15,48.19,3,291.043,23.863,308.307,,,,集控
710,12M00000044543998,,C,25/05/2024 10:52,40.203,36.29,47.84,3,236.509,17.981,319.233,,,,集控
711,12M00000044543998,,A,25/05/2024 10:53,43.247,36.57,44.71,3,243.689,20.638,317.58,318.316,,,集控
712,12M00000044543998,,B,25/05/2024 10:54,43.009,41.74,47.68,3,280.962,18.83,300.643,,,,集控
713,12M00000044543998,,C,25/05/2024 10:55,41.633,40.18,41.46,3,254.724,13.759,308.92,,,,集控
714,12M00000044543998,,A,25/05/2024 10:56,37.352,41.66,47.54,3,299.743,10.987,313.213,312.406,,,集控
715,12M00000044543998,,B,25/05/2024 10:57,44.65,43.45,40.3,3,219.666,25.085,318.564,,,,集控
716,12M00000044543998,,C,25/05/2024 10:58,36.312,42.25,46.65,3,288.216,19.03,319.126,,,,集控
717,12M00000044543998,,A,25/05/2024 10:59,41.345,43.22,45.53,3,203.33,24.23,312.234,319.064,,,集控
718,12M00000044543998,,B,25/05/2024 11:00,37.287,44.82,43.96,3,289.518,17.961,308.519,,,,集控
719,12M00000044543998,,C,25/05/2024 11:01,39.516,37.6,46.74,3,273.251,13.56,319.983,,,,集控
720,12M00000044543998,,A,25/05/2024 11:02,36.317,37.98,48.88,3,271.436,24.823,304.692,311.308,,,集控
721,12M00000044543998,,B,25/05/2024 11:03,37.242,44.86,45.41,3,242.093,29.288,300.589,,,,集控
722,12M00000044543998,,C,25/05/2024 11:04,37.884,38,44.43,3,287.503,19.899,305.673,,,,集控
723,12M00000044543998,,A,25/05/2024 11:05,37.369,40.45,43.81,3,220.122,11.393,303.086,314.559,,,集控
724,12M00000044543998,,B,25/05/2024 11:06,42.355,37.1,49.66,3,206.72,21.938,319.355,,,,集控
725,12M00000044543998,,C,25/05/2024 11:07,42.909,35.58,41.56,3,272.13,26.312,314.381,,,,集控
726,12M00000044543998,,A,25/05/2024 11:08,35.712,38.19,45.13,3,203.125,24.68,305.702,318.277,,,集控
727,12M00000044543998,,B,25/05/2024 11:09,40.037,42.04,47.51,3,221.319,21.23,304.314,,,,集控
728,12M00000044543998,,C,25/05/2024 11:10,39.59,35.7,40.32,3,267.603,26.364,306.892,,,,集控
729,12M00000044543998,,A,25/05/2024 11:11,38.695,42.04,48.7,3,233.942,16.979,308.205,318.277,,,集控
730,12M00000044543998,,B,25/05/2024 11:12,36.656,42.18,47.37,3,256.619,15.32,310.069,,,,集控
731,12M00000044543998,,C,25/05/2024 11:13,42.51,36.12,40.68,3,277.982,23.254,319.005,,,,集控
732,12M00000044543998,,A,25/05/2024 11:14,38.261,41.11,45.08,3,200.334,10.79,318.009,315.235,,,集控
733,12M00000044543998,,B,25/05/2024 11:15,37.067,37.75,42.31,3,222.837,15.799,316.938,,,,集控
734,12M00000044543998,,C,25/05/2024 11:16,35.933,36.01,49.45,3,254.244,20.449,313.316,,,,集控
735,12M00000044543998,,A,25/05/2024 11:17,38.198,36.09,41.48,3,225.707,27.558,319.549,316.343,,,集控
736,12M00000044543998,,B,25/05/2024 11:18,39.122,38.96,46.05,3,288.135,29.516,301.224,,,,集控
737,12M00000044543998,,C,25/05/2024 11:19,38.25,43.42,47.12,3,204.186,19.897,316.671,,,,集控
738,12M00000044543998,,A,25/05/2024 11:20,35.082,38.1,43.12,3,276.527,10.126,307.258,311.493,,,集控
739,12M00000044543998,,B,25/05/2024 11:21,43.94,36.4,40.88,3,259.246,26.077,317.03,,,,集控
740,12M00000044543998,,C,25/05/2024 11:22,44.745,43,47.87,3,276.229,20.476,308.943,,,,集控
741,12M00000044543998,,A,25/05/2024 11:23,41.927,35.08,45.99,3,210.765,21.275,318.648,301.878,,,集控
742,12M00000044543998,,B,25/05/2024 11:24,35.732,38.57,47.97,3,270.219,24.49,317.717,,,,集控
743,12M00000044543998,,C,25/05/2024 11:25,42.805,41.93,43.78,3,229.839,21.314,311.99,,,,集控
744,12M00000044543998,,A,25/05/2024 11:26,39.414,37.32,41.31,3,293.905,13.237,311.171,312.403,,,集控
745,12M00000044543998,,B,25/05/2024 11:27,40.994,35.94,42.9,3,219.218,25.725,311.978,,,,集控
746,12M00000044543998,,C,25/05/2024 11:28,37.095,42.27,44.74,3,214.405,13.376,305.128,,,,集控
747,12M00000044543998,,A,25/05/2024 11:29,37.804,42.8,42.88,3,257.038,18.578,303.758,312.725,,,集控
748,12M00000044543998,,B,25/05/2024 11:30,36.465,38.83,40.65,3,283.731,21.732,318.68,,,,集控
749,12M00000044543998,,C,25/05/2024 11:31,41.747,42.17,44.71,3,285.29,14.789,302.095,,,,集控
750,12M00000044543998,,A,25/05/2024 11:32,40.481,36.82,45.86,3,229.398,12.814,312.689,301.7,,,集控
751,12M00000044543998,,B,25/05/2024 11:33,42.367,44.62,47.13,3,265.083,24.595,302.436,,,,集控
752,12M00000044543998,,C,25/05/2024 11:34,41.191,36.89,43.84,3,271.905,15.025,308.921,,,,集控
753,12M00000044543998,,A,25/05/2024 11:35,44.453,42.03,45.2,3,298.143,25.987,303.631,309.619,,,集控
754,12M00000044543998,,B,25/05/2024 11:36,42.292,40.83,43.92,3,245.145,14.854,316.582,,,,集控
755,12M00000044543998,,C,25/05/2024 11:37,41.237,37.4,47.61,3,251.742,16.334,314.614,,,,集控
756,12M00000044543998,,A,25/05/2024 11:38,35.525,35.68,40.38,3,249.884,24.039,317.449,319.563,,,集控
757,12M00000044543998,,B,25/05/2024 11:39,43.821,38.96,40.52,3,231.197,15.35,318.018,,,,集控
758,12M00000044543998,,C,25/05/2024 11:40,43.689,42.8,42.33,3,251.032,14.53,310.379,,,,集控
759,12M00000044543998,,A,25/05/2024 11:41,40.633,44.15,47.02,3,218.698,14.217,304.846,301.454,,,集控
760,12M00000044543998,,B,25/05/2024 11:42,40.35,43.02,45.12,3,280.95,21.299,301.201,,,,集控
761,12M00000044543998,,C,25/05/2024 11:43,38.722,40.22,43.87,3,269.887,25.147,312.908,,,,集控
762,12M00000044543998,,A,25/05/2024 11:44,39.485,43.05,43.48,3,237.246,12.015,315.568,309.08,,,集控
763,12M00000044543998,,B,25/05/2024 11:45,39.862,37.61,48.26,3,276.109,28.075,310.637,,,,集控
764,12M00000044543998,,C,25/05/2024 11:46,40.119,42.17,42.06,3,210.95,20.42,300.783,,,,集控
765,12M00000044543998,,A,25/05/2024 11:47,37.963,36.76,48.16,3,206.564,24.679,304.761,306.121,,,集控
766,12M00000044543998,,B,25/05/2024 11:48,37.916,39.27,48.37,3,229.398,10.009,308.74,,,,集控
767,12M00000044543998,,C,25/05/2024 11:49,41.908,39.59,47,3,230.297,24.899,310.814,,,,集控
768,12M00000044543998,,A,25/05/2024 11:50,44.804,42.26,44.96,3,236.736,14.723,317.788,304.902,,,集控
769,12M00000044543998,,B,25/05/2024 11:51,35.714,40.66,41.38,3,224.265,27.575,309.653,,,,集控
770,12M00000044543998,,C,25/05/2024 11:52,42.432,40.92,41.28,3,205.068,20.481,311.798,,,,集控
771,12M00000044543998,,A,25/05/2024 11:53,36.453,36.25,47.88,3,217.296,23.467,303.656,316.572,,,集控
772,12M00000044543998,,B,25/05/2024 11:54,38.115,44.2,45.16,3,241.344,11.331,311.246,,,,集控
773,12M00000044543998,,C,25/05/2024 11:55,36.207,42.59,46.66,3,286.361,14.985,316.177,,,,集控
774,12M00000044543998,,A,25/05/2024 11:56,40.516,43.2,49.23,3,245.916,27.285,300.031,313.51,,,集控
775,12M00000044543998,,B,25/05/2024 11:57,42.408,35.93,41.19,3,290.154,29.071,318.633,,,,集控
776,12M00000044543998,,C,25/05/2024 11:58,36.896,44.42,40.21,3,244.665,24.592,314.319,,,,集控
777,12M00000044543998,,A,25/05/2024 11:59,40.89,39.8,47.65,3,267.562,22.739,319.402,315.818,,,集控
778,12M00000044543998,,B,25/05/2024 12:00,35.735,35.03,44.37,3,259.287,19.328,317.176,,,,集控
779,12M00000044543998,,C,25/05/2024 12:01,42.755,38.51,48.7,3,274.587,18.297,309.741,,,,集控
780,12M00000044543998,,A,25/05/2024 12:02,42.714,40.87,41.21,3,235.396,12.032,312.456,304.698,,,集控
781,12M00000044543998,,B,25/05/2024 12:03,39.904,36.62,49.81,3,234.095,19.199,300.606,,,,集控
782,12M00000044543998,,C,25/05/2024 12:04,41.328,42.7,46.96,3,227.576,24.449,308.55,,,,集控
783,12M00000044543998,,A,25/05/2024 12:05,41.877,43.35,41.3,3,279.083,25.259,318.681,302.036,,,集控
784,12M00000044543998,,B,25/05/2024 12:06,39.168,44.48,45.06,3,232.256,25.128,300.679,,,,集控
785,12M00000044543998,,C,25/05/2024 12:07,44.049,44.54,43.24,3,273.564,27.894,310.155,,,,集控
786,12M00000044543998,,A,25/05/2024 12:08,36.405,43.71,48.32,3,211.407,29.638,318.353,308.022,,,集控
787,12M00000044543998,,B,25/05/2024 12:09,40.04,41.51,46.72,3,266.24,18.795,319.028,,,,集控
788,12M00000044543998,,C,25/05/2024 12:10,41.458,38.53,41.58,3,210.95,16.125,305.852,,,,集控
789,12M00000044543998,,A,25/05/2024 12:11,40.695,42.72,43.49,3,254.148,26.814,305.854,319.397,,,集控
790,12M00000044543998,,B,25/05/2024 12:12,44.434,36.15,44.19,3,270.746,29.119,312.637,,,,集控
791,12M00000044543998,,C,25/05/2024 12:13,37.752,44.77,42,3,248.122,12.63,310.314,,,,集控
792,12M00000044543998,,A,25/05/2024 12:14,44.159,40.57,47.67,3,222.295,10.687,318.721,307.467,,,集控
793,12M00000044543998,,B,25/05/2024 12:15,38.567,41.17,48.01,3,274.98,26.073,310.203,,,,集控
794,12M00000044543998,,C,25/05/2024 12:16,37.987,40.28,41.48,3,295.701,29.64,316.948,,,,集控
795,12M00000044543998,,A,25/05/2024 12:17,35.526,39.49,41.93,3,262.099,17.801,304.828,303.77,,,集控
796,12M00000044543998,,B,25/05/2024 12:18,39.526,37,47.62,3,206.271,18.441,301.626,,,,集控
797,12M00000044543998,,C,25/05/2024 12:19,37.835,35.84,48.84,3,287.135,16.61,301.312,,,,集控
798,12M00000044543998,,A,25/05/2024 12:20,42.331,42.24,45.85,3,281.783,17.689,316.415,307.84,,,集控
799,12M00000044543998,,B,25/05/2024 12:21,40.084,38.91,48.8,3,249.318,18.596,303.907,,,,集控
800,12M00000044543998,,C,25/05/2024 12:22,36.455,36.71,45.8,3,292.005,24.096,303.021,,,,集控
801,12M00000044543998,,A,25/05/2024 12:23,40.555,43.31,44.35,3,200.684,22.605,300.869,300.864,,,集控
802,12M00000044543998,,B,25/05/2024 12:24,40.051,38.98,41.68,3,297.513,28.237,311.189,,,,集控
803,12M00000044543998,,C,25/05/2024 12:25,41.366,42.78,46.53,3,247.534,12.79,303.182,,,,集控
804,12M00000044543998,,A,25/05/2024 12:26,42.594,40.78,40.74,3,227.955,21.26,304.446,302.991,,,集控
805,12M00000044543998,,B,25/05/2024 12:27,41.034,40.39,40.31,3,257.975,14.797,308.105,,,,集控
806,12M00000044543998,,C,25/05/2024 12:28,40.492,44.48,48.66,3,250.271,27.754,304.98,,,,集控
807,12M00000044543998,,A,25/05/2024 12:29,42.544,36.12,40.17,3,226.238,13.048,300.547,310.912,,,集控
808,12M00000044543998,,B,25/05/2024 12:30,43.558,36.3,42.08,3,264.01,23.681,310.525,,,,集控
809,12M00000044543998,,C,25/05/2024 12:31,43.158,40.17,45.49,3,267.627,17.28,310.153,,,,集控
810,12M00000044543998,,A,25/05/2024 12:32,36.853,41.03,43.92,3,266.472,20.135,317.452,301.569,,,集控
811,12M00000044543998,,B,25/05/2024 12:33,43.223,41.33,42.48,3,273.652,17.962,304.161,,,,集控
812,12M00000044543998,,C,25/05/2024 12:34,40.157,38.3,46.62,3,276.815,29.42,300.252,,,,集控
813,12M00000044543998,,A,25/05/2024 12:35,44.443,42.94,45.17,3,203.348,13.999,318.232,314.009,,,集控
814,12M00000044543998,,B,25/05/2024 12:36,40.966,37.48,44.65,3,299.912,23.044,310.399,,,,集控
815,12M00000044543998,,C,25/05/2024 12:37,40.403,41.38,42.97,3,200.056,21.824,301.986,,,,集控
816,12M00000044543998,,A,25/05/2024 12:38,40.818,35.6,40.98,3,207.249,26.46,304.597,317.47,,,集控
817,12M00000044543998,,B,25/05/2024 12:39,37.967,37.85,41.81,3,253.639,29.39,312.738,,,,集控
818,12M00000044543998,,C,25/05/2024 12:40,41.605,43.94,47.73,3,297,16.715,307.082,,,,集控
819,12M00000044543998,,A,25/05/2024 12:41,43.043,38.86,42.52,3,255.416,23.808,304.642,317.055,,,集控
820,12M00000044543998,,B,25/05/2024 12:42,37.851,44.18,42.14,3,234.341,16.638,315.195,,,,集控
821,12M00000044543998,,C,25/05/2024 12:43,39.327,42.89,49.58,3,237.607,10.69,312.883,,,,集控
822,12M00000044543998,,A,25/05/2024 12:44,40.751,40.51,42.75,3,225.961,24.922,300.419,310.522,,,集控
823,12M00000044543998,,B,25/05/2024 12:45,40.913,35.3,42.48,3,276.843,20.814,318.613,,,,集控
824,12M00000044543998,,C,25/05/2024 12:46,43.021,40.29,42.7,3,288.362,17.387,300.344,,,,集控
825,12M00000044543998,,A,25/05/2024 12:47,42.755,35.1,46.77,3,223.942,10.401,319,315.411,,,集控
826,12M00000044543998,,B,25/05/2024 12:48,39.89,42.27,44.29,3,233.147,16.246,318.161,,,,集控
827,12M00000044543998,,C,25/05/2024 12:49,40.007,40.14,42.3,3,246.514,17.283,315.17,,,,集控
828,12M00000044543998,,A,25/05/2024 12:50,35.608,41.02,42.15,3,255.954,14.862,319.593,319.81,,,集控
829,12M00000044543998,,B,25/05/2024 12:51,35.464,39.81,40.98,3,267.523,13.293,316.761,,,,集控
830,12M00000044543998,,C,25/05/2024 12:52,41.903,42.44,40.96,3,299.959,25.389,313.495,,,,集控
831,12M00000044543998,,A,25/05/2024 12:53,42.206,39.42,44.85,3,289.116,13.714,301.472,310.367,,,集控
832,12M00000044543998,,B,25/05/2024 12:54,44.308,41.41,45.9,3,215.872,13.19,319.006,,,,集控
833,12M00000044543998,,C,25/05/2024 12:55,39.975,42.9,40.05,3,217.836,14.372,300.685,,,,集控
834,12M00000044543998,,A,25/05/2024 12:56,43.081,38.24,49.53,3,276.886,28.337,301.304,311.006,,,集控
835,12M00000044543998,,B,25/05/2024 12:57,40.049,41.14,46.3,3,291.029,28.637,316.387,,,,集控
836,12M00000044543998,,C,25/05/2024 12:58,44.066,41.01,48.58,3,281.502,13.038,309.027,,,,集控
837,12M00000044543998,,A,25/05/2024 12:59,40.436,36.95,40.66,3,288.188,26.884,308.303,317.912,,,集控
838,12M00000044543998,,B,25/05/2024 13:00,41.296,37.72,43.31,3,202.007,19.587,302.081,,,,集控
839,12M00000044543998,,C,25/05/2024 13:01,41.288,35.74,46.85,3,229.652,21.089,305.771,,,,集控
840,12M00000044543998,,A,25/05/2024 13:02,43.486,35.53,48.3,3,249.195,11.145,300.926,315.595,,,集控
841,12M00000044543998,,B,25/05/2024 13:03,39.575,39.77,45.19,3,257.871,27.814,300.77,,,,集控
842,12M00000044543998,,C,25/05/2024 13:04,38.425,39.53,47.08,3,270.292,16.863,319.924,,,,集控
843,12M00000044543998,,A,25/05/2024 13:05,44.521,44.44,40.85,3,242.962,11.608,311.669,317.535,,,集控
844,12M00000044543998,,B,25/05/2024 13:06,42.063,40.78,40.78,3,248.781,21.664,304.556,,,,集控
845,12M00000044543998,,C,25/05/2024 13:07,35.997,37.84,49.03,3,258.975,23.96,307.077,,,,集控
846,12M00000044543998,,A,25/05/2024 13:08,40.807,44.6,48.54,3,237.338,25.521,317.28,315.799,,,集控
847,12M00000044543998,,B,25/05/2024 13:09,36.249,35.67,42.85,3,225.923,22.8,300.391,,,,集控
848,12M00000044543998,,C,25/05/2024 13:10,35.627,37.62,42.96,3,213.768,19.69,308.212,,,,集控
849,12M00000044543998,,A,25/05/2024 13:11,41.135,43.32,43.1,3,263.324,27.064,314.871,312.237,,,集控
850,12M00000044543998,,B,25/05/2024 13:12,44.901,37.16,40.53,3,275.849,11.338,309.642,,,,集控
851,12M00000044543998,,C,25/05/2024 13:13,43.858,41.48,46.29,3,255.505,29.031,301.601,,,,集控
852,12M00000044543998,,A,25/05/2024 13:14,41.049,41.36,47.99,3,225.482,12.737,315.774,310.137,,,集控
853,12M00000044543998,,B,25/05/2024 13:15,40.998,42.38,46.81,3,232.227,28.087,305.518,,,,集控
854,12M00000044543998,,C,25/05/2024 13:16,42.706,43.19,45.19,3,262.867,26.244,308.833,,,,集控
855,12M00000044543998,,A,25/05/2024 13:17,38.952,42.13,47.04,3,279.043,29.946,303.176,316.575,,,集控
856,12M00000044543998,,B,25/05/2024 13:18,36.89,36.15,44.99,3,248.405,16.478,300.503,,,,集控
857,12M00000044543998,,C,25/05/2024 13:19,40.071,40.85,49.29,3,296.476,14.273,317.304,,,,集控
858,12M00000044543998,,A,25/05/2024 13:20,38.639,44.12,47.97,3,234.743,26.513,310.567,307.683,,,集控
859,12M00000044543998,,B,25/05/2024 13:21,36.656,36.66,49.01,3,253.184,19.799,319.749,,,,集控
860,12M00000044543998,,C,25/05/2024 13:22,37.74,35.37,49.98,3,264.194,25.354,317.592,,,,集控
861,12M00000044543998,,A,25/05/2024 13:23,39.301,40.49,45.04,3,291.323,23.797,313.58,300.677,,,集控
862,12M00000044543998,,B,25/05/2024 13:24,36.86,42.6,48.76,3,213.799,18.323,300.606,,,,集控
863,12M00000044543998,,C,25/05/2024 13:25,40.273,37.01,43.88,3,203.813,14.536,316.84,,,,集控
864,12M00000044543998,,A,25/05/2024 13:26,37,44.42,41.85,3,273.033,14.844,309.947,312.396,,,集控
865,12M00000044543998,,B,25/05/2024 13:27,42.934,39.5,43.8,3,215.492,22.783,313.779,,,,集控
866,12M00000044543998,,C,25/05/2024 13:28,36.132,44.6,41.98,3,249.946,21.412,315.411,,,,集控
867,12M00000044543998,,A,25/05/2024 13:29,35.268,40.59,41.34,3,296.56,17.29,304.638,314.628,,,集控
868,12M00000044543998,,B,25/05/2024 13:30,39.129,44.09,47.37,3,264.066,17.141,308.037,,,,集控
869,12M00000044543998,,C,25/05/2024 13:31,36.522,35.69,42.63,3,291.483,18.488,315.66,,,,集控
870,12M00000044543998,,A,25/05/2024 13:32,37.494,42.96,48.34,3,269.942,25.867,304.227,300.146,,,集控
871,12M00000044543998,,B,25/05/2024 13:33,38.743,36.37,42.62,3,275.339,14.524,310.273,,,,集控
872,12M00000044543998,,C,25/05/2024 13:34,41.473,42.91,44.52,3,274.216,21.994,313.774,,,,集控
873,12M00000044543998,,A,25/05/2024 13:35,42.653,43.24,49.45,3,244.331,13.274,306.538,315.083,,,集控
874,12M00000044543998,,B,25/05/2024 13:36,40.03,41.06,46.04,3,287.309,23.037,315.654,,,,集控
875,12M00000044543998,,C,25/05/2024 13:37,37.109,42.17,49.09,3,243.081,22.806,314.364,,,,集控
876,12M00000044543998,,A,25/05/2024 13:38,43.362,39.99,46.15,3,207.853,23.54,318.979,305.611,,,集控
877,12M00000044543998,,B,25/05/2024 13:39,36.761,39.88,42.22,3,247.358,22.904,317.734,,,,集控
878,12M00000044543998,,C,25/05/2024 13:40,38.795,38.64,41.34,3,277.961,23.863,311.677,,,,集控
879,12M00000044543998,,A,25/05/2024 13:41,44.555,44.49,47.88,3,231.654,12.862,315.275,301.838,,,集控
880,12M00000044543998,,B,25/05/2024 13:42,43.008,39.78,40.98,3,276.427,18.216,310.026,,,,集控
881,12M00000044543998,,C,25/05/2024 13:43,43.349,40.95,43.64,3,224.914,16.609,303.848,,,,集控
882,12M00000044543998,,A,25/05/2024 13:44,41.064,43.6,44.13,3,206.07,13.64,313.897,316.262,,,集控
883,12M00000044543998,,B,25/05/2024 13:45,35.36,43.61,42.25,3,221.411,21.94,301.375,,,,集控
884,12M00000044543998,,C,25/05/2024 13:46,43.915,43.16,46.2,3,279.982,26.494,302.588,,,,集控
885,12M00000044543998,,A,25/05/2024 13:47,41.558,37.79,42.61,3,265.723,10.426,314.311,305.329,,,集控
886,12M00000044543998,,B,25/05/2024 13:48,35.832,42.71,48.95,3,217.917,28.839,302.295,,,,集控
887,12M00000044543998,,C,25/05/2024 13:49,37.415,37.78,47.23,3,257.555,28.234,317.392,,,,集控
888,12M00000044543998,,A,25/05/2024 13:50,38.224,35.19,40.93,3,213.652,13.915,302.105,319.026,,,集控
889,12M00000044543998,,B,25/05/2024 13:51,37.565,35.41,47.1,3,282.997,19.205,303.313,,,,集控
890,12M00000044543998,,C,25/05/2024 13:52,42.027,39.34,41.54,3,258.083,26.665,302.75,,,,集控
891,12M00000044543998,,A,25/05/2024 13:53,43.64,38.43,45.42,3,281.908,26.824,309.947,316.861,,,集控
892,12M00000044543998,,B,25/05/2024 13:54,38.568,38.77,40.58,3,248.431,15.559,315.989,,,,集控
893,12M00000044543998,,C,25/05/2024 13:55,40.586,37.74,48.87,3,214.65,23.488,303.38,,,,集控
894,12M00000044543998,,A,25/05/2024 13:56,40.314,40.01,40.88,3,288.985,28.331,309.776,314.316,,,集控
895,12M00000044543998,,B,25/05/2024 13:57,39.343,36.47,49.15,3,256.223,18.495,319.25,,,,集控
896,12M00000044543998,,C,25/05/2024 13:58,40.836,44.48,40.91,3,228.972,17.39,309.341,,,,集控
897,12M00000044543998,,A,25/05/2024 13:59,41.301,37.39,42.07,3,213.713,19.953,303.949,313.322,,,集控
898,12M00000044543998,,B,25/05/2024 14:00,36.017,36,41.21,3,272.704,26.68,313.337,,,,集控
899,12M00000044543998,,C,25/05/2024 14:01,40.078,36.75,47.17,3,212.138,18.799,302.151,,,,集控
900,12M00000044543998,,A,25/05/2024 14:02,40.959,35.79,42.78,3,291.45,20.948,318.172,317.043,,,集控
901,12M00000044543998,,B,25/05/2024 14:03,35.694,36.4,40.4,3,274.282,12.4,301.461,,,,集控
902,12M00000044543998,,C,25/05/2024 14:04,36.019,36.1,43.61,3,290.878,17.029,303.155,,,,集控
903,12M00000044543998,,A,25/05/2024 14:05,44.304,43.29,40.55,3,225.378,11.922,310.631,312.271,,,集控
904,12M00000044543998,,B,25/05/2024 14:06,38.549,35.81,48.37,3,289.707,26.991,318.617,,,,集控
905,12M00000044543998,,C,25/05/2024 14:07,38.615,43.38,42.32,3,207.368,13.513,301.566,,,,集控
906,12M00000044543998,,A,25/05/2024 14:08,42.737,42.87,43.09,3,204.131,16.409,304.299,300.311,,,集控
907,12M00000044543998,,B,25/05/2024 14:09,43.922,37.26,49.97,3,238.67,15.178,300.699,,,,集控
908,12M00000044543998,,C,25/05/2024 14:10,37.312,41.65,45.07,3,246.93,24.981,310.902,,,,集控
909,12M00000044543998,,A,25/05/2024 14:11,42.387,41.22,46.73,3,298.701,26.872,310.45,308.853,,,集控
910,12M00000044543998,,B,25/05/2024 14:12,44.478,35.55,42.56,3,297.818,27.258,310.345,,,,集控
911,12M00000044543998,,C,25/05/2024 14:13,39.439,38.63,49.03,3,268.967,26.886,315.311,,,,集控
912,12M00000044543998,,A,25/05/2024 14:14,39.304,43.23,45.58,3,236.113,12.426,303.872,309.011,,,集控
913,12M00000044543998,,B,25/05/2024 14:15,42.213,40.77,44.32,3,255.687,19.748,302.852,,,,集控
914,12M00000044543998,,C,25/05/2024 14:16,36.056,36.74,44.73,3,206.107,13.954,309.312,,,,集控
915,12M00000044543998,,A,25/05/2024 14:17,40.375,38.27,45.23,3,286.37,12.648,307.299,311.601,,,集控
916,12M00000044543998,,B,25/05/2024 14:18,43.837,38.61,46.64,3,208.259,17.455,300.032,,,,集控
917,12M00000044543998,,C,25/05/2024 14:19,37.099,37.2,48.43,3,296.249,28.687,314.569,,,,集控
918,12M00000044543998,,A,25/05/2024 14:20,40.006,42.21,40.43,3,266.042,12.14,301.601,305.119,,,集控
919,12M00000044543998,,B,25/05/2024 14:21,43.814,38.75,44.05,3,239.274,17.164,302.63,,,,集控
920,12M00000044543998,,C,25/05/2024 14:22,42.904,42.46,41.56,3,202.937,15.066,301.168,,,,集控
921,12M00000044543998,,A,25/05/2024 14:23,43.752,44.98,46.79,3,269.517,27.458,306.962,310.568,,,集控
922,12M00000044543998,,B,25/05/2024 14:24,39.306,40.17,42.51,3,293.053,23.357,310.843,,,,集控
923,12M00000044543998,,C,25/05/2024 14:25,43.759,42.04,43.14,3,223.89,15.517,309.02,,,,集控
924,12M00000044543998,,A,25/05/2024 14:26,41.326,40.06,44.51,3,279.149,18.743,316.776,306.159,,,集控
925,12M00000044543998,,B,25/05/2024 14:27,39.732,35.12,41.74,3,241.277,28.26,318.837,,,,集控
926,12M00000044543998,,C,25/05/2024 14:28,38.903,44.27,42.71,3,283.459,23.079,304.91,,,,集控
927,12M00000044543998,,A,25/05/2024 14:29,43.556,37.86,49.74,3,224.806,20.88,311.097,302.305,,,集控
928,12M00000044543998,,B,25/05/2024 14:30,36.686,40.81,41.95,3,235.459,12.356,317.526,,,,集控
929,12M00000044543998,,C,25/05/2024 14:31,40.458,39.29,44.5,3,289.859,14.241,317.086,,,,集控
930,12M00000044543998,,A,25/05/2024 14:32,38.106,43.64,49.56,3,216.106,26.349,316.279,302.608,,,集控
931,12M00000044543998,,B,25/05/2024 14:33,42.643,41.39,42.49,3,223.221,29.336,318.114,,,,集控
932,12M00000044543998,,C,25/05/2024 14:34,38.993,40.93,44.46,3,266.058,13.51,304.512,,,,集控
933,12M00000044543998,,A,25/05/2024 14:35,44.057,39.81,42.11,3,251.84,12.934,302.314,304.707,,,集控
934,12M00000044543998,,B,25/05/2024 14:36,37.641,44.34,44.04,3,257.569,24.481,300.25,,,,集控
935,12M00000044543998,,C,25/05/2024 14:37,43.29,43.14,44.6,3,271.207,20.755,314.124,,,,集控
936,12M00000044543998,,A,25/05/2024 14:38,36.886,43.12,48.57,3,207.867,14.439,316.54,307.03,,,集控
937,12M00000044543998,,B,25/05/2024 14:39,42.534,38.2,41.65,3,250.743,14.499,306.417,,,,集控
938,12M00000044543998,,C,25/05/2024 14:40,42.508,44.55,42.38,3,297.694,22.664,313.831,,,,集控
939,12M00000044543998,,A,25/05/2024 14:41,35.832,41.54,45.27,3,248.312,13.091,307.008,314.735,,,集控
940,12M00000044543998,,B,25/05/2024 14:42,44.861,38.7,48.86,3,228.965,18.738,304.773,,,,集控
941,12M00000044543998,,C,25/05/2024 14:43,41.583,42.33,43.83,3,296.317,14.015,315.044,,,,集控
942,12M00000044543998,,A,25/05/2024 14:44,39.934,41.59,40.75,3,222.528,22.447,311.878,309.727,,,集控
943,12M00000044543998,,B,25/05/2024 14:45,41.159,37.3,48.13,3,262.805,21.736,302.152,,,,集控
944,12M00000044543998,,C,25/05/2024 14:46,35.869,40.48,43.56,3,219.946,11.306,319.083,,,,集控
945,12M00000044543998,,A,25/05/2024 14:47,36.626,35.14,49.68,3,279.942,12.352,304.1,300.158,,,集控
946,12M00000044543998,,B,25/05/2024 14:48,42.553,39.58,45.56,3,200.771,16.419,300.627,,,,集控
947,12M00000044543998,,C,25/05/2024 14:49,39.868,44.45,42.82,3,265.08,25.308,309.46,,,,集控
948,12M00000044543998,,A,25/05/2024 14:50,37.462,42.62,40.42,3,204.393,13.487,319.659,305.978,,,集控
949,12M00000044543998,,B,25/05/2024 14:51,43.36,40.39,40.24,3,270.321,15.136,306.205,,,,集控
950,12M00000044543998,,C,25/05/2024 14:52,40.423,39.69,44.79,3,251.244,12.724,316.208,,,,集控
951,12M00000044543998,,A,25/05/2024 14:53,37.133,38.9,43.43,3,221.155,24.131,319.771,315.211,,,集控
952,12M00000044543998,,B,25/05/2024 14:54,35.613,43.73,49.19,3,204.214,23.133,317.458,,,,集控
953,12M00000044543998,,C,25/05/2024 14:55,41.873,40.25,43.14,3,246.425,24.189,308.803,,,,集控
954,12M00000044543998,,A,25/05/2024 14:56,43.361,44.8,42.72,3,267.899,21.611,302.219,300.929,,,集控
955,12M00000044543998,,B,25/05/2024 14:57,37.687,38.69,49.86,3,212.488,20.457,308.469,,,,集控
956,12M00000044543998,,C,25/05/2024 14:58,38.292,37.86,49.16,3,277.308,18.783,304.162,,,,集控
957,12M00000044543998,,A,25/05/2024 14:59,44.635,39.03,41.16,3,254.102,20.426,313.235,300.972,,,集控
958,12M00000044543998,,B,25/05/2024 15:00,35.348,39.58,46.1,3,265.819,26.643,302.865,,,,集控
959,12M00000044543998,,C,25/05/2024 15:01,39.4,42.32,42.21,3,204.848,13.705,313.88,,,,集控
960,12M00000044543998,,A,25/05/2024 15:02,39.828,40.43,42.53,3,208.516,20.067,314.592,306.959,,,集控
961,12M00000044543998,,B,25/05/2024 15:03,36.295,40.94,48.73,3,276.986,24.607,313.84,,,,集控
962,12M00000044543998,,C,25/05/2024 15:04,37.209,37.79,47.1,3,226.539,28.093,308.583,,,,集控
963,12M00000044543998,,A,25/05/2024 15:05,44.577,35.62,49.97,3,256.105,27.137,316.857,305.43,,,集控
964,12M00000044543998,,B,25/05/2024 15:06,41.723,37.76,45.73,3,281.593,16.74,311.006,,,,集控
965,12M00000044543998,,C,25/05/2024 15:07,42.909,42.95,47.36,3,299.54,17.822,312.002,,,,集控
966,12M00000044543998,,A,25/05/2024 15:08,41.666,41.74,45.98,3,220.096,10.012,319.955,318.595,,,集控
967,12M00000044543998,,B,25/05/2024 15:09,41.65,36.75,46.58,3,227.54,22.645,301.632,,,,集控
968,12M00000044543998,,C,25/05/2024 15:10,38.24,41.25,49.54,3,228.421,27.029,311.731,,,,集控
969,12M00000044543998,,A,25/05/2024 15:11,36.098,43.31,40.74,3,200.162,18.381,316.013,315.575,,,集控
970,12M00000044543998,,B,25/05/2024 15:12,42.887,36.83,47.93,3,270.516,26.43,300.46,,,,集控
971,12M00000044543998,,C,25/05/2024 15:13,39.247,37.43,40.82,3,288.56,27.957,300.494,,,,集控
972,12M00000044543998,,A,25/05/2024 15:14,44.276,36.08,43.98,3,285.328,11.947,317.612,312.343,,,集控
973,12M00000044543998,,B,25/05/2024 15:15,41.472,40.68,41.24,3,207.697,16.628,317.429,,,,集控
974,12M00000044543998,,C,25/05/2024 15:16,40.101,36.5,45.37,3,263.002,13.483,314.018,,,,集控
975,12M00000044543998,,A,25/05/2024 15:17,39.273,35.52,40.65,3,233.508,27.831,315.477,311.854,,,集控
976,12M00000044543998,,B,25/05/2024 15:18,39.25,41.75,41.5,3,242.798,22.297,316.874,,,,集控
977,12M00000044543998,,C,25/05/2024 15:19,40.981,40.8,46.63,3,224.181,15.674,302.345,,,,集控
978,12M00000044543998,,A,25/05/2024 15:20,38.673,41.97,41.58,3,221.505,11.138,303.303,314.797,,,集控
979,12M00000044543998,,B,25/05/2024 15:21,35.257,38.8,45.44,3,220.11,20.635,304.328,,,,集控
980,12M00000044543998,,C,25/05/2024 15:22,36.995,38.65,46.53,3,220.003,23.244,301.136,,,,集控
981,12M00000044543998,,A,25/05/2024 15:23,38.874,40.88,47.38,3,258.015,27.033,307.042,301.709,,,集控
982,12M00000044543998,,B,25/05/2024 15:24,43.128,42.74,45.8,3,291.879,27.666,313.978,,,,集控
983,12M00000044543998,,C,25/05/2024 15:25,44.588,37.29,42.73,3,201.21,17.282,308.386,,,,集控
984,12M00000044543998,,A,25/05/2024 15:26,41.75,44.77,43.96,3,228.104,10.25,302.399,300.757,,,集控
985,12M00000044543998,,B,25/05/2024 15:27,43.336,39.02,46.7,3,210.858,14.744,310.313,,,,集控
986,12M00000044543998,,C,25/05/2024 15:28,42.884,42.11,41.83,3,239.29,13.191,317.451,,,,集控
987,12M00000044543998,,A,25/05/2024 15:29,41.924,37.02,44.51,3,272.553,14.471,300.19,304.96,,,集控
988,12M00000044543998,,B,25/05/2024 15:30,37.978,36.73,44.32,3,280.723,29.662,305.333,,,,集控
989,12M00000044543998,,C,25/05/2024 15:31,43.282,43.35,40.02,3,279.119,12.716,304.83,,,,集控
990,12M00000044543998,,A,25/05/2024 15:32,40.619,37.82,44.42,3,205.812,26.004,311.855,302.91,,,集控
991,12M00000044543998,,B,25/05/2024 15:33,44.583,43.02,41.67,3,213.892,24.502,318.725,,,,集控
992,12M00000044543998,,C,25/05/2024 15:34,43.441,41.62,44.61,3,206.4,20.04,305.162,,,,集控
993,12M00000044543998,,A,25/05/2024 15:35,38.579,41.29,46.65,3,248.387,19.783,309.983,308.014,,,集控
994,12M00000044543998,,B,25/05/2024 15:36,44.934,36.68,45.22,3,225.087,23.28,307.913,,,,集控
995,12M00000044543998,,C,25/05/2024 15:37,42.265,37.4,45.92,3,262.572,20.407,302.368,,,,集控
996,12M00000044543998,,A,25/05/2024 15:38,37.818,37.26,44.92,3,278.371,23.893,303.622,315.86,,,集控
997,12M00000044543998,,B,25/05/2024 15:39,40.658,43.92,45.02,3,293.217,27.083,309.795,,,,集控
998,12M00000044543998,,C,25/05/2024 15:40,43.578,38.84,40.56,3,265.015,12.381,308.053,,,,集控
999,12M00000044543998,,A,25/05/2024 15:41,39.963,42.17,41.7,3,274.497,15.389,311.188,312.908,,,集控
1000,12M00000044543998,,B,25/05/2024 15:42,37.175,36.22,47.49,3,271.639,19.864,300.622,,,,集控
1001,12M00000044543998,,C,25/05/2024 15:43,38.906,36.75,46.8,3,285.799,24.211,317.062,,,,集控
1002,12M00000044543998,,A,25/05/2024 15:44,41.128,43.93,41.24,3,205.251,10.093,308.768,311.843,,,集控
1003,12M00000044543998,,B,25/05/2024 15:45,43.769,40.48,44.1,3,221.983,18.983,307.095,,,,集控
1004,12M00000044543998,,C,25/05/2024 15:46,41.539,37.39,45.4,3,207.583,16.788,313.58,,,,集控
1005,12M00000044543998,,A,25/05/2024 15:47,37.411,42.62,49.6,3,296.4,25.785,311.457,316.969,,,集控
1006,12M00000044543998,,B,25/05/2024 15:48,43.368,41.23,49.04,3,267.348,18.211,313.177,,,,集控
1007,12M00000044543998,,C,25/05/2024 15:49,35.34,39.77,41.64,3,277.824,23.12,312.211,,,,集控
1008,12M00000044543998,,A,25/05/2024 15:50,43.191,36.06,41.67,3,295.371,15.424,317.185,319.048,,,集控
1009,12M00000044543998,,B,25/05/2024 15:51,40.551,42.25,49.64,3,223.509,22.16,305.421,,,,集控
1010,12M00000044543998,,C,25/05/2024 15:52,43.409,44.23,47.03,3,275.01,14.152,311.338,,,,集控
1011,12M00000044543998,,A,25/05/2024 15:53,42.89,38.75,47.16,3,212.012,25.96,305.326,318.015,,,集控
1012,12M00000044543998,,B,25/05/2024 15:54,36.45,43.5,45,3,253.542,13.561,315.275,,,,集控
1013,12M00000044543998,,C,25/05/2024 15:55,44.297,39.9,42.28,3,252.641,28.043,301.452,,,,集控
1014,12M00000044543998,,A,25/05/2024 15:56,41.95,41.63,49.16,3,280.485,12.842,307.124,304.312,,,集控
1015,12M00000044543998,,B,25/05/2024 15:57,37.025,37.12,40.26,3,228.837,10.609,316.672,,,,集控
1016,12M00000044543998,,C,25/05/2024 15:58,36.188,35.76,44.88,3,262.394,18.006,303.381,,,,集控
1017,12M00000044543998,,A,25/05/2024 15:59,43.311,44.97,42.92,3,240.441,18.622,317.016,319.656,,,集控
1018,12M00000044543998,,B,25/05/2024 16:00,38.129,38,43.71,3,277.694,25.592,312.741,,,,集控
1019,12M00000044543998,,C,25/05/2024 16:01,36.099,37.43,46.02,3,290.374,17.287,319.596,,,,集控
1020,12M00000044543998,,A,25/05/2024 16:02,41.488,38.87,44.13,3,201.046,10.826,319.177,316.362,,,集控
1021,12M00000044543998,,B,25/05/2024 16:03,44.703,36.71,47.22,3,256.28,14.053,312.779,,,,集控
1022,12M00000044543998,,C,25/05/2024 16:04,38.634,44.2,48.37,3,249.75,14.485,306.937,,,,集控
1023,12M00000044543998,,A,25/05/2024 16:05,36.282,42.98,46.23,3,274.43,13.134,306.143,309.914,,,集控
1024,12M00000044543998,,B,25/05/2024 16:06,35.555,35.69,45.4,3,280.851,13.318,314.291,,,,集控
1025,12M00000044543998,,C,25/05/2024 16:07,39.923,44.44,42.61,3,289.568,11.098,310.782,,,,集控
1026,12M00000044543998,,A,25/05/2024 16:08,36.311,36.02,44.92,3,261.105,11.404,310.596,301.134,,,集控
1027,12M00000044543998,,B,25/05/2024 16:09,40.66,37.75,44.84,3,214.159,18.691,314.189,,,,集控
1028,12M00000044543998,,C,25/05/2024 16:10,40.354,35.93,42.25,3,200.803,12.371,309.887,,,,集控
1029,12M00000044543998,,A,25/05/2024 16:11,39.461,38.09,40.95,3,284.102,27.206,304.384,301.354,,,集控
1030,12M00000044543998,,B,25/05/2024 16:12,36.839,44.84,40.12,3,266.24,27.837,301.258,,,,集控
1031,12M00000044543998,,C,25/05/2024 16:13,35.36,41.38,42.81,3,268.287,16.407,300.194,,,,集控
1032,12M00000044543998,,A,25/05/2024 16:14,37.435,40.29,47.86,3,286.826,23.912,317.312,300.38,,,集控
1033,12M00000044543998,,B,25/05/2024 16:15,40.715,35.29,42.63,3,260.215,19.598,309.487,,,,集控
1034,12M00000044543998,,C,25/05/2024 16:16,39.171,44.72,45.02,3,224.165,15.369,301.457,,,,集控
1035,12M00000044543998,,A,25/05/2024 16:17,42.316,42.16,43.22,3,234.39,21.866,318.169,306.32,,,集控
1036,12M00000044543998,,B,25/05/2024 16:18,37.608,39.56,44.32,3,260.885,13.089,316.7,,,,集控
1037,12M00000044543998,,C,25/05/2024 16:19,39.406,41.22,47.59,3,229.695,11.646,308.374,,,,集控
1038,12M00000044543998,,A,25/05/2024 16:20,39.364,41.47,45.22,3,210.986,28.075,314.997,318.857,,,集控
1039,12M00000044543998,,B,25/05/2024 16:21,35.896,36.36,46.74,3,251.077,18.505,312.277,,,,集控
1040,12M00000044543998,,C,25/05/2024 16:22,41.028,36.91,40.18,3,205.428,29.908,310.396,,,,集控
1041,12M00000044543998,,A,25/05/2024 16:23,35.112,40.78,43.63,3,295.255,29.435,319.638,311.397,,,集控
1042,12M00000044543998,,B,25/05/2024 16:24,37.084,36.42,42.24,3,240.105,14.611,305.397,,,,集控
1043,12M00000044543998,,C,25/05/2024 16:25,41.831,36.76,44.86,3,279.81,25.48,317.357,,,,集控
1044,12M00000044543998,,A,25/05/2024 16:26,37.192,42.38,41.53,3,294.308,26.813,315.667,304.665,,,集控
1045,12M00000044543998,,B,25/05/2024 16:27,44.688,39.8,42.13,3,277.219,10.663,301.686,,,,集控
1046,12M00000044543998,,C,25/05/2024 16:28,44.149,36.75,45.41,3,253.459,20.185,313.387,,,,集控
1047,12M00000044543998,,A,25/05/2024 16:29,44.885,39.8,45.35,3,217.873,26.389,304.465,306.134,,,集控
1048,12M00000044543998,,B,25/05/2024 16:30,37.897,37.99,49.04,3,299.826,16.133,301.343,,,,集控
1049,12M00000044543998,,C,25/05/2024 16:31,36.897,35.94,43.21,3,239.949,20.646,310.232,,,,集控
1050,12M00000044543998,,A,25/05/2024 16:32,43.626,35.72,40.36,3,262.317,22.1,304.685,314.149,,,集控
1051,12M00000044543998,,B,25/05/2024 16:33,42.971,38.96,45.63,3,254.635,16.064,315.712,,,,集控
1052,12M00000044543998,,C,25/05/2024 16:34,38.115,35.92,48.17,3,293.953,24.61,316.192,,,,集控
1053,12M00000044543998,,A,25/05/2024 16:35,35.907,44.62,47.46,3,290.756,12.519,317.295,309.572,,,集控
1054,12M00000044543998,,B,25/05/2024 16:36,37.656,36.56,41.19,3,259.065,10.306,312.722,,,,集控
1055,12M00000044543998,,C,25/05/2024 16:37,44.342,41.25,46.57,3,201.626,13.887,302.111,,,,集控
1056,12M00000044543998,,A,25/05/2024 16:38,37.131,36.8,48.85,3,246.197,21.712,319.416,308.416,,,集控
1057,12M00000044543998,,B,25/05/2024 16:39,42.143,44.11,44.14,3,270.927,17.213,301.965,,,,集控
1058,12M00000044543998,,C,25/05/2024 16:40,43.562,39.6,41.06,3,294.476,17.024,306.842,,,,集控
1059,12M00000044543998,,A,25/05/2024 16:41,40.761,38.44,48.3,3,269.756,19.7,311.259,313.859,,,集控
1060,12M00000044543998,,B,25/05/2024 16:42,38.574,44.14,41.99,3,233.991,27.604,301.346,,,,集控
1061,12M00000044543998,,C,25/05/2024 16:43,40.155,38.29,47.66,3,264.842,26.596,313.595,,,,集控
1062,12M00000044543998,,A,25/05/2024 16:44,37.652,40.28,42.45,3,263.38,27.468,306.562,319.243,,,集控
1063,12M00000044543998,,B,25/05/2024 16:45,36.357,40.87,40.7,3,245.908,13.58,311.908,,,,集控
1064,12M00000044543998,,C,25/05/2024 16:46,40.425,42.22,48.46,3,216.365,17.051,301.388,,,,集控
1065,12M00000044543998,,A,25/05/2024 16:47,38.288,41.54,40.52,3,207.504,25.154,309.803,312.912,,,集控
1066,12M00000044543998,,B,25/05/2024 16:48,39.295,35.46,49.42,3,225.99,19.057,310.285,,,,集控
1067,12M00000044543998,,C,25/05/2024 16:49,40.288,42.24,45.4,3,263.825,22.249,314.338,,,,集控
1068,12M00000044543998,,A,25/05/2024 16:50,44.009,44.08,45.96,3,204.565,10.495,313.265,312.94,,,集控
1069,12M00000044543998,,B,25/05/2024 16:51,38.364,43.58,41.74,3,240.647,10.605,306.839,,,,集控
1070,12M00000044543998,,C,25/05/2024 16:52,35.774,36.68,46.75,3,241.174,17.163,300.622,,,,集控
1071,12M00000044543998,,A,25/05/2024 16:53,44.613,38.78,40.69,3,218.507,11.112,300.373,316.081,,,集控
1072,12M00000044543998,,B,25/05/2024 16:54,37.599,42.37,40.6,3,202.039,17.166,317.133,,,,集控
1073,12M00000044543998,,C,25/05/2024 16:55,43.697,41.26,42.16,3,216.427,21.217,319.49,,,,集控
1074,12M00000044543998,,A,25/05/2024 16:56,36.675,43.52,45.28,3,277.453,12.829,306.44,317.304,,,集控
1075,12M00000044543998,,B,25/05/2024 16:57,43.837,40.67,48.46,3,278.562,28.298,313.293,,,,集控
1076,12M00000044543998,,C,25/05/2024 16:58,43.746,42.07,43,3,290.872,21.063,310.135,,,,集控
1077,12M00000044543998,,A,25/05/2024 16:59,38.026,44.68,48.72,3,235.26,22.366,319.348,300.091,,,集控
1078,12M00000044543998,,B,25/05/2024 17:00,41.052,35.61,49.86,3,289.739,13.977,301.591,,,,集控
1079,12M00000044543998,,C,25/05/2024 17:01,43.238,39.6,41.81,3,209.595,12.134,317.677,,,,集控
1080,12M00000044543998,,A,25/05/2024 17:02,35.94,36.32,45.46,3,244.472,12.861,308.87,305.254,,,集控
1081,12M00000044543998,,B,25/05/2024 17:03,39.002,42.17,47.95,3,291.228,10.902,313.977,,,,集控
1082,12M00000044543998,,C,25/05/2024 17:04,43.504,35.85,42.17,3,252.744,10.688,300.193,,,,集控
1083,12M00000044543998,,A,25/05/2024 17:05,40.036,44.38,49.96,3,299.851,28.514,314.462,300.4,,,集控
1084,12M00000044543998,,B,25/05/2024 17:06,36.326,41.97,45.46,3,296.02,16.982,308.665,,,,集控
1085,12M00000044543998,,C,25/05/2024 17:07,36.577,35.85,40.36,3,204.343,27.041,304.759,,,,集控
1086,12M00000044543998,,A,25/05/2024 17:08,35.361,39.88,44.59,3,257.325,13.564,302.768,314.873,,,集控
1087,12M00000044543998,,B,25/05/2024 17:09,35.63,38.87,47.51,3,239.721,26.922,300.303,,,,集控
1088,12M00000044543998,,C,25/05/2024 17:10,38.698,40.16,45.14,3,262.594,28.169,317.21,,,,集控
1089,12M00000044543998,,A,25/05/2024 17:11,39.135,36.04,45.79,3,232.103,22.494,310.806,301.092,,,集控
1090,12M00000044543998,,B,25/05/2024 17:12,43.496,38.81,41.87,3,243.619,26.988,319.767,,,,集控
1091,12M00000044543998,,C,25/05/2024 17:13,44.357,44.78,46.71,3,294.42,25.159,310.696,,,,集控
1092,12M00000044543998,,A,25/05/2024 17:14,41.7,38.28,42.23,3,213.606,18.492,307.852,301.676,,,集控
1093,12M00000044543998,,B,25/05/2024 17:15,44.35,43.65,42.42,3,248.985,19.824,314.924,,,,集控
1094,12M00000044543998,,C,25/05/2024 17:16,38.449,42.37,41.52,3,225.349,23.143,318.663,,,,集控
1095,12M00000044543998,,A,25/05/2024 17:17,35.127,35.39,42.76,3,287.454,15.082,319.328,301.938,,,集控
1096,12M00000044543998,,B,25/05/2024 17:18,39.515,36.89,49.29,3,223.925,17.354,316.446,,,,集控
1097,12M00000044543998,,C,25/05/2024 17:19,42.474,38.21,40.23,3,278.812,14.027,303.883,,,,集控
1098,12M00000044543998,,A,25/05/2024 17:20,44.657,44.14,43.54,3,284.984,24.778,308.545,300.177,,,集控
1099,12M00000044543998,,B,25/05/2024 17:21,37.914,39.33,44.21,3,234.632,13.249,303.124,,,,集控
1100,12M00000044543998,,C,25/05/2024 17:22,36.527,42.29,43.15,3,202.9,27.402,304.618,,,,集控
1101,12M00000044543998,,A,25/05/2024 17:23,39.907,43.08,46.56,3,204.683,29.557,310.181,305.566,,,集控
1102,12M00000044543998,,B,25/05/2024 17:24,35.726,40.16,43.38,3,246.474,26.837,300.087,,,,集控
1103,12M00000044543998,,C,25/05/2024 17:25,43.6,36.96,42.12,3,249.226,25.386,300.902,,,,集控
1104,12M00000044543998,,A,25/05/2024 17:26,42.53,37.24,46.9,3,234.215,10.824,319.456,303.251,,,集控
1105,12M00000044543998,,B,25/05/2024 17:27,44.345,39.67,47.5,3,207.14,13.627,300.289,,,,集控
1106,12M00000044543998,,C,25/05/2024 17:28,38.983,44.35,45.97,3,286.636,12.543,318.346,,,,集控
1107,12M00000044543998,,A,25/05/2024 17:29,43.718,42.23,43.6,3,236.177,11.863,319.757,313.295,,,集控
